id,first_name,last_name,email,gender,Race,Phone
1,Phineas,Mouncher,pmouncher0@prweb.com,Male,Chilean,576-551-7959
2,Tedie,Zemler,tzemler1@upenn.edu,Male,Japanese,382-875-4186
3,Serge,Esome,sesome2@prnewswire.com,Male,American Indian,964-463-6291
4,Star,Leyzell,sleyzell3@wiley.com,Female,Asian Indian,812-404-9838
5,Tallulah,Memory,tmemory4@sourceforge.net,Female,Panamanian,375-743-3087
6,Amberly,Ebbutt,aebbutt5@cornell.edu,Female,Chippewa,878-533-7851
7,Gwendolyn,Fidler,gfidler6@home.pl,Female,Navajo,756-421-4124
8,Viv,Peddersen,vpeddersen7@joomla.org,Female,Asian Indian,968-778-3174
9,Marsh,Huntar,mhuntar8@answers.com,Male,Crow,507-522-5947
10,Darcie,Tiery,dtiery9@goodreads.com,Female,Yakama,637-572-3495
11,Kitty,Frediani,kfrediania@simplemachines.org,Female,Spaniard,431-816-0849
12,Florentia,Quakley,fquakleyb@furl.net,Female,Chippewa,332-930-2119
13,Barnaby,Mugglestone,bmugglestonec@linkedin.com,Male,Chickasaw,146-654-7519
14,Norma,Durrance,ndurranced@csmonitor.com,Female,Bangladeshi,310-509-8961
15,Imogen,Grimster,igrimstere@clickbank.net,Female,Chickasaw,132-558-5960
16,Engracia,O'Mohun,eomohunf@apple.com,Female,Nicaraguan,892-770-6788
17,Winthrop,Sloper,wsloperg@reddit.com,Male,Chilean,719-286-2483
18,Lynnell,Kellock,lkellockh@pinterest.com,Female,Puerto Rican,226-508-1636
19,Donnie,Shinton,dshintoni@google.de,Male,Navajo,457-880-7035
20,Annecorinne,Shirtliff,ashirtliffj@exblog.jp,Female,Central American,865-211-9510
21,Sabina,Duddle,sduddlek@yandex.ru,Female,Apache,550-169-1229
22,Thaine,Kelston,tkelstonl@ovh.net,Male,Comanche,224-397-1163
23,Constancia,Grogan,cgroganm@ifeng.com,Female,Chamorro,851-971-6657
24,Cleo,Perrygo,cperrygon@pinterest.com,Female,Chinese,935-552-7711
25,Jyoti,Tilburn,jtilburno@usa.gov,Female,Ecuadorian,183-745-4971
26,De,Nestoruk,dnestorukp@w3.org,Female,Osage,264-338-5996
27,Clemmy,Wasmer,cwasmerq@e-recht24.de,Male,Chippewa,967-313-8172
28,Joceline,Siddall,jsiddallr@upenn.edu,Female,Puget Sound Salish,683-566-5373
29,Lauryn,Giacopetti,lgiacopettis@miitbeian.gov.cn,Female,Sri Lankan,634-515-7915
30,Roldan,Hoxey,rhoxeyt@businessinsider.com,Male,Yaqui,133-892-7730
31,Calida,Stot,cstotu@devhub.com,Female,Samoan,559-194-2426
32,Murdoch,Larkworthy,mlarkworthyv@ebay.com,Male,Polynesian,907-743-5165
33,Mano,Dufour,mdufourw@nifty.com,Male,Asian,369-190-8456
34,Gay,Bowmer,gbowmerx@si.edu,Female,Central American,986-226-3553
35,Link,Lavington,llavingtony@msn.com,Male,Spaniard,996-988-6526
36,Alisander,Haller,ahallerz@histats.com,Male,Guatemalan,818-965-7256
37,Dominique,Heyns,dheyns10@zdnet.com,Male,Chamorro,274-499-0331
38,Allen,Boycott,aboycott11@geocities.com,Male,Tlingit-Haida,149-581-2122
39,Caril,Golden of Ireland,cgoldenofireland12@tuttocitta.it,Female,Osage,808-697-5041
40,Bellanca,Duckhouse,bduckhouse13@google.es,Female,Asian Indian,722-433-9094
41,Winnie,Driver,wdriver14@google.es,Male,Lumbee,509-397-4016
42,Waverley,Martindale,wmartindale15@eepurl.com,Male,Mexican,104-793-5284
43,Timi,Lassen,tlassen16@independent.co.uk,Female,Eskimo,287-315-2805
44,Margo,Durgan,mdurgan17@geocities.com,Female,Choctaw,447-744-7612
45,Fairlie,Trudgeon,ftrudgeon18@pcworld.com,Male,Paiute,543-243-3390
46,Kaile,Chisolm,kchisolm19@people.com.cn,Female,Ute,471-764-5232
47,Timi,Healks,thealks1a@theatlantic.com,Female,White,105-680-2922
48,Theodor,Peltzer,tpeltzer1b@hugedomains.com,Male,Colombian,921-817-4446
49,Iolanthe,Coote,icoote1c@ftc.gov,Female,Cambodian,203-989-0549
50,Faun,Hawkeswood,fhawkeswood1d@networksolutions.com,Female,Chickasaw,569-927-0966
51,Marty,McAster,mmcaster1e@gov.uk,Female,American Indian,782-717-6778
52,Crista,Writtle,cwrittle1f@unesco.org,Female,Ute,256-117-6958
53,Blakeley,Sheals,bsheals1g@techcrunch.com,Female,Sioux,699-684-5229
54,Nerta,Boltwood,nboltwood1h@eepurl.com,Female,Paraguayan,319-760-9261
55,Horatia,Maclaine,hmaclaine1i@clickbank.net,Female,Blackfeet,225-870-2311
56,Darell,Messenbird,dmessenbird1j@rambler.ru,Female,White,687-930-6923
57,Lucille,Frazer,lfrazer1k@bbc.co.uk,Female,Korean,622-803-4836
58,Grant,Baskett,gbaskett1l@naver.com,Non-binary,Alaskan Athabascan,334-139-9383
59,Adelaida,Callaby,acallaby1m@unc.edu,Female,Samoan,655-645-4223
60,Lorant,Perigo,lperigo1n@indiatimes.com,Male,Ottawa,784-291-8463
61,Nancee,Rhys,nrhys1o@ebay.com,Female,Sri Lankan,233-506-1028
62,Adina,Paten,apaten1p@fda.gov,Female,Vietnamese,782-661-6597
63,Benedikt,Bruntjen,bbruntjen1q@google.pl,Male,Polynesian,491-182-8297
64,Siobhan,O'Lunney,solunney1r@trellian.com,Female,Native Hawaiian and Other Pacific Islander (NHPI),208-923-1020
65,Sharyl,Wilacot,swilacot1s@technorati.com,Female,South American,511-791-8031
66,Branden,Guerrier,bguerrier1t@gnu.org,Male,Chippewa,535-987-7516
67,Ruthe,Andreini,randreini1u@paypal.com,Female,Uruguayan,351-475-7366
68,Jamesy,Welburn,jwelburn1v@cnn.com,Male,Iroquois,792-170-6880
69,Jacqueline,Reina,jreina1w@github.com,Female,Yaqui,663-444-3023
70,Ulric,Seelbach,useelbach1x@washington.edu,Male,Seminole,180-486-5762
71,Valaria,Wilce,vwilce1y@mysql.com,Female,Taiwanese,611-712-9803
72,Aile,Stogill,astogill1z@pbs.org,Female,Colombian,846-362-6157
73,Jasen,Clewlowe,jclewlowe20@blogger.com,Male,Potawatomi,468-799-3614
74,Kenneth,Pirouet,kpirouet21@desdev.cn,Male,Lumbee,874-873-4614
75,Edee,Hellicar,ehellicar22@aboutads.info,Female,Korean,619-513-2427
76,Idalina,Treffry,itreffry23@auda.org.au,Female,Osage,852-265-4175
77,Scotti,Mayoral,smayoral24@census.gov,Male,Argentinian,613-965-4762
78,Dwight,Locks,dlocks25@theguardian.com,Male,Yaqui,228-397-4273
79,Townsend,Heinke,theinke26@smugmug.com,Male,Guamanian,925-643-3378
80,Garv,Corbie,gcorbie27@cdbaby.com,Male,American Indian,953-988-2997
81,Ulysses,Kernan,ukernan28@a8.net,Male,Colville,552-449-9214
82,Doug,Thay,dthay29@1und1.de,Male,Asian,391-894-5578
83,Melvin,Curr,mcurr2a@vimeo.com,Male,Yuman,109-350-0886
84,Colene,Messenbird,cmessenbird2b@ocn.ne.jp,Female,Cree,879-376-2824
85,Darbee,Waycot,dwaycot2c@usda.gov,Genderfluid,Nicaraguan,196-258-7090
86,Hiram,Leere,hleere2d@t-online.de,Male,Pueblo,470-636-8517
87,Mable,Hame,mhame2e@intel.com,Bigender,Dominican (Dominican Republic),263-127-5465
88,Sammie,Dewer,sdewer2f@eepurl.com,Male,Shoshone,368-172-3521
89,Derry,Hourican,dhourican2g@ucsd.edu,Male,Cree,183-461-4387
90,Byrle,Lappine,blappine2h@dot.gov,Male,Black or African American,439-442-5765
91,Josselyn,Lacer,jlacer2i@statcounter.com,Female,Houma,130-361-9160
92,Horten,Cromarty,hcromarty2j@reuters.com,Male,Creek,454-942-2514
93,Herta,Inglesant,hinglesant2k@hp.com,Female,Mexican,108-764-7146
94,Marmaduke,Kelcey,mkelcey2l@tripod.com,Male,Taiwanese,431-559-5763
95,Dorothea,Moorcroft,dmoorcroft2m@slate.com,Female,Malaysian,832-435-7004
96,Creighton,Berr,cberr2n@uiuc.edu,Male,Navajo,237-825-9060
97,Enrique,Fillery,efillery2o@goodreads.com,Male,Spaniard,877-225-2982
98,Karna,Saunper,ksaunper2p@hud.gov,Female,Asian Indian,821-130-8646
99,Burg,Prium,bprium2q@ocn.ne.jp,Male,Mexican,607-839-5129
100,Myrta,Diwell,mdiwell2r@bizjournals.com,Female,Laotian,884-800-7271
101,Ruprecht,Toy,rtoy2s@ucoz.com,Male,Aleut,983-906-4938
102,Chucho,Cowtherd,ccowtherd2t@indiatimes.com,Male,Alaska Native,893-244-3655
103,Amery,Noury,anoury2u@cam.ac.uk,Male,Filipino,314-581-3653
104,Cleveland,Vittore,cvittore2v@tmall.com,Male,Yaqui,692-117-1126
105,Alejandrina,Hansen,ahansen2w@psu.edu,Female,Yaqui,437-313-5009
106,Fielding,Cuncliffe,fcuncliffe2x@theguardian.com,Polygender,Ute,523-852-8755
107,Jeannette,Havik,jhavik2y@washington.edu,Female,Cambodian,203-997-6090
108,Opaline,O'Breen,oobreen2z@ucla.edu,Female,Indonesian,603-924-9305
109,Vinnie,Winham,vwinham30@apple.com,Female,Melanesian,316-519-3221
110,Chrisse,Krook,ckrook31@reverbnation.com,Genderfluid,Thai,136-318-4212
111,Georgette,Redpath,gredpath32@free.fr,Female,Panamanian,538-751-7586
112,Sibilla,Tregidgo,stregidgo33@imgur.com,Genderqueer,Central American,420-846-4037
113,Dermot,Champken,dchampken34@va.gov,Male,Cree,690-823-6131
114,Ancell,Dewhirst,adewhirst35@cocolog-nifty.com,Male,Ute,993-349-5901
115,Alex,Swinbourne,aswinbourne36@elpais.com,Male,Shoshone,956-114-1518
116,Donaugh,Mochar,dmochar37@google.com,Male,Chinese,805-446-4668
117,Mattie,Abthorpe,mabthorpe38@ezinearticles.com,Female,Hmong,594-137-5417
118,Angelo,Wingrove,awingrove39@nsw.gov.au,Male,Salvadoran,306-445-7066
119,Hector,Collough,hcollough3a@nyu.edu,Male,Indonesian,639-382-9249
120,Rosabella,Manicomb,rmanicomb3b@vistaprint.com,Female,Nicaraguan,326-942-9019
121,Darda,Sillwood,dsillwood3c@ifeng.com,Female,Guatemalan,774-881-9085
122,Darrick,Waldera,dwaldera3d@4shared.com,Male,Yuman,649-760-7165
123,Cleopatra,Hagyard,chagyard3e@aol.com,Female,Cherokee,777-118-2580
124,Barr,Duck,bduck3f@elegantthemes.com,Male,Cree,934-838-2153
125,Roldan,Shawell,rshawell3g@vistaprint.com,Male,Dominican (Dominican Republic),277-564-2242
126,Andy,Leavry,aleavry3h@github.io,Female,Honduran,248-984-2100
127,Hank,Kohler,hkohler3i@blog.com,Male,Iroquois,386-889-2590
128,Earlie,Ibbitson,eibbitson3j@biblegateway.com,Genderfluid,Sri Lankan,258-921-2223
129,Orella,Sigart,osigart3k@w3.org,Female,Guatemalan,327-697-7642
130,Julianne,Noen,jnoen3l@bigcartel.com,Female,Korean,733-614-2388
131,Haleigh,Watkiss,hwatkiss3m@amazon.de,Female,Venezuelan,623-181-5130
132,Angele,Beckingham,abeckingham3n@usgs.gov,Female,Tohono O'Odham,990-734-6977
133,Rem,Scambler,rscambler3o@guardian.co.uk,Male,Venezuelan,875-428-1309
134,Charlean,Pallatina,cpallatina3p@imgur.com,Female,Indonesian,354-147-7524
135,Northrup,Frankiss,nfrankiss3q@sciencedaily.com,Male,Mexican,889-179-3901
136,Gabriel,Sutterfield,gsutterfield3r@trellian.com,Male,Malaysian,986-424-6992
137,Meredith,Ludlow,mludlow3s@harvard.edu,Female,Salvadoran,589-148-3813
138,Velvet,Walworche,vwalworche3t@seesaa.net,Female,Eskimo,380-782-2136
139,Kristoforo,Tiesman,ktiesman3u@house.gov,Male,Malaysian,583-719-1266
140,Marquita,Delamere,mdelamere3v@sourceforge.net,Female,Crow,824-385-3072
141,Carmelina,Beldon,cbeldon3w@wix.com,Female,Filipino,613-533-8539
142,Toinette,Frere,tfrere3x@paginegialle.it,Female,South American,807-969-8259
143,Brit,Ambroix,bambroix3y@unesco.org,Male,Eskimo,586-169-5811
144,Persis,Pietzner,ppietzner3z@washington.edu,Female,Cree,149-232-8450
145,Aldin,Melbourne,amelbourne40@springer.com,Male,Apache,279-408-5379
146,Adelaida,Kniveton,akniveton41@prlog.org,Genderfluid,Pueblo,101-878-3124
147,Caressa,Kluger,ckluger42@oakley.com,Female,Cherokee,179-702-6450
148,Vivie,Braybrooke,vbraybrooke43@salon.com,Female,Venezuelan,699-199-2866
149,Pamella,Enterlein,penterlein44@posterous.com,Female,Indonesian,391-807-0774
150,Marina,Smallpiece,msmallpiece45@gmpg.org,Female,Tohono O'Odham,877-135-1456
151,Son,Knotte,sknotte46@seattletimes.com,Male,Polynesian,797-704-9117
152,Mozelle,Rotherforth,mrotherforth47@cdbaby.com,Female,Aleut,242-841-7117
153,Thaddus,Crosfeld,tcrosfeld48@woothemes.com,Male,Native Hawaiian,238-911-7216
154,Clara,Holehouse,cholehouse49@chron.com,Female,Lumbee,140-943-6465
155,Vincenz,Ledson,vledson4a@toplist.cz,Male,Japanese,335-229-2685
156,Wendi,Anelay,wanelay4b@pinterest.com,Female,American Indian,748-239-9998
157,Eduard,Monelli,emonelli4c@instagram.com,Male,Vietnamese,362-867-7763
158,Mozelle,Mellem,mmellem4d@kickstarter.com,Female,Korean,577-718-8886
159,Kyle,Rashleigh,krashleigh4e@tripod.com,Male,Argentinian,965-791-2873
160,Garrick,Gherardi,ggherardi4f@i2i.jp,Male,Colville,487-393-1436
161,Yuma,McTavy,ymctavy4g@ed.gov,Male,Guatemalan,420-966-4778
162,Leonanie,Leagas,lleagas4h@archive.org,Non-binary,Melanesian,647-399-5023
163,Breena,Beakes,bbeakes4i@weibo.com,Female,Shoshone,934-370-8245
164,Berget,Varvell,bvarvell4j@nymag.com,Female,Tlingit-Haida,961-469-0083
165,Wittie,Tremouille,wtremouille4k@plala.or.jp,Male,Uruguayan,189-692-7255
166,Alfie,Burker,aburker4l@dailymotion.com,Male,Pueblo,907-790-3229
167,Conway,Barry,cbarry4m@cisco.com,Male,Native Hawaiian and Other Pacific Islander (NHPI),156-958-8952
168,Rudolph,Anthony,ranthony4n@umn.edu,Male,Alaska Native,867-620-9224
169,Dani,Falco,dfalco4o@etsy.com,Polygender,Yaqui,281-117-7340
170,Jamison,Edmans,jedmans4p@cam.ac.uk,Male,Polynesian,828-496-3386
171,Wallache,Sedgman,wsedgman4q@home.pl,Genderfluid,Chamorro,514-666-0140
172,Uta,Darridon,udarridon4r@cdbaby.com,Female,Yakama,543-496-2427
173,Aloysius,Ledingham,aledingham4s@acquirethisname.com,Male,Eskimo,355-429-5532
174,Joaquin,Fouracres,jfouracres4t@wp.com,Male,Osage,718-593-5861
175,Bette,Sayle,bsayle4u@cyberchimps.com,Female,Puerto Rican,699-983-4927
176,Erick,Tamburi,etamburi4v@house.gov,Male,Central American,483-555-2325
177,Theodoric,Gillivrie,tgillivrie4w@wordpress.com,Male,Uruguayan,225-157-5647
178,Delphinia,Gagg,dgagg4x@bloglines.com,Female,Melanesian,648-472-6800
179,Cherri,Mulrean,cmulrean4y@shop-pro.jp,Female,Cambodian,978-636-7332
180,Gracie,Cockshutt,gcockshutt4z@earthlink.net,Female,Ottawa,470-833-8643
181,Phoebe,Tutchings,ptutchings50@adobe.com,Female,Vietnamese,360-307-2916
182,Jacquelynn,Dummett,jdummett51@jigsy.com,Female,Fijian,231-627-3114
183,Paxton,Pearch,ppearch52@comsenz.com,Male,Yuman,862-401-5582
184,Rudy,Cavill,rcavill53@opensource.org,Male,Korean,292-306-6098
185,Briggs,Lambie,blambie54@naver.com,Male,Navajo,752-698-8536
186,Bordy,McManamen,bmcmanamen55@google.com,Genderqueer,Latin American Indian,363-460-5130
187,Terza,Mervyn,tmervyn56@go.com,Female,Native Hawaiian and Other Pacific Islander (NHPI),712-409-5387
188,Augustina,Daldan,adaldan57@sciencedaily.com,Female,Houma,791-289-0857
189,Haskell,Dickey,hdickey58@github.com,Male,Native Hawaiian,140-920-0816
190,Inger,Leathard,ileathard59@redcross.org,Female,Tlingit-Haida,379-728-7772
191,Sonnie,Nyles,snyles5a@ifeng.com,Male,Venezuelan,134-982-7461
192,Jarrad,Klageman,jklageman5b@flavors.me,Male,Central American,495-823-2220
193,Starr,Hugnet,shugnet5c@shinystat.com,Female,Cuban,996-366-0173
194,Geoff,Gutans,ggutans5d@nbcnews.com,Male,Paraguayan,464-405-7162
195,Haley,Coatsworth,hcoatsworth5e@xinhuanet.com,Genderqueer,Creek,701-933-2833
196,Vinnie,Scrivner,vscrivner5f@bbb.org,Male,Uruguayan,187-672-4018
197,Carlota,Sell,csell5g@reddit.com,Female,Korean,357-700-6029
198,Wandie,Whithalgh,wwhithalgh5h@stanford.edu,Female,Bolivian,572-348-0635
199,Fredrika,Blundan,fblundan5i@wikimedia.org,Female,Tlingit-Haida,320-672-8521
200,Jeromy,Georgeot,jgeorgeot5j@yolasite.com,Male,Cree,750-529-2302
201,Jamaal,Gilcriest,jgilcriest5k@sohu.com,Male,Choctaw,438-910-0392
202,Janet,Brasted,jbrasted5l@businesswire.com,Female,Nicaraguan,603-479-9314
203,Ronalda,Hearnden,rhearnden5m@zimbio.com,Female,Tohono O'Odham,100-112-7912
204,Elsey,Jiggen,ejiggen5n@tamu.edu,Female,Laotian,227-495-6696
205,Inessa,Du Plantier,iduplantier5o@jugem.jp,Female,Navajo,924-764-6825
206,Hansiain,Lemary,hlemary5p@businessweek.com,Agender,Apache,249-228-5655
207,Almire,Stow,astow5q@baidu.com,Bigender,Uruguayan,553-282-9321
208,Bevan,Gilson,bgilson5r@lycos.com,Male,Central American,630-839-0323
209,Hakeem,Kippen,hkippen5s@cornell.edu,Male,Ecuadorian,439-331-1343
210,Darrel,Swoffer,dswoffer5t@shutterfly.com,Male,Pueblo,576-116-9732
211,Yank,Bleibaum,ybleibaum5u@domainmarket.com,Male,American Indian,494-128-3695
212,Nikos,Bowry,nbowry5v@arstechnica.com,Male,Osage,968-986-9251
213,Will,Moulin,wmoulin5w@about.com,Male,Argentinian,263-170-3007
214,Phylys,Averill,paverill5x@nsw.gov.au,Female,Guatemalan,591-432-1697
215,Daffy,Le Noury,dlenoury5y@ft.com,Female,Guamanian,669-289-1304
216,Geralda,Bartoleyn,gbartoleyn5z@businessweek.com,Female,American Indian and Alaska Native (AIAN),140-962-8680
217,Albrecht,Carpe,acarpe60@nbcnews.com,Male,Cherokee,644-822-9167
218,Andras,Satterly,asatterly61@shinystat.com,Male,Cherokee,851-607-6908
219,Mischa,Sambath,msambath62@sbwire.com,Male,Sioux,876-463-1516
220,Tanner,Grossier,tgrossier63@phpbb.com,Male,Pueblo,375-932-7900
221,Jamil,Wiltshear,jwiltshear64@g.co,Male,Ute,878-893-1125
222,Constantine,Basilotta,cbasilotta65@bluehost.com,Female,Tongan,714-949-9743
223,Jackie,Matskiv,jmatskiv66@hexun.com,Male,Chinese,583-918-3831
224,Kaitlynn,Perche,kperche67@telegraph.co.uk,Female,Dominican (Dominican Republic),342-772-5491
225,Madelene,Preto,mpreto68@nature.com,Non-binary,Ottawa,921-729-3175
226,Chrissy,Fraschetti,cfraschetti69@cbslocal.com,Male,Delaware,564-344-9510
227,Farrel,Dillinger,fdillinger6a@wordpress.org,Male,Chippewa,869-805-8102
228,Ebba,Batt,ebatt6b@independent.co.uk,Female,Uruguayan,485-194-1948
229,Boony,Yanyushkin,byanyushkin6c@goo.ne.jp,Male,Tongan,912-211-9058
230,Boote,Zanutti,bzanutti6d@blogtalkradio.com,Male,Tlingit-Haida,313-752-7174
231,Lettie,Weeke,lweeke6e@accuweather.com,Female,Houma,791-640-9533
232,Fania,Sutherel,fsutherel6f@smh.com.au,Female,Paraguayan,347-601-8855
233,Lori,Common,lcommon6g@loc.gov,Female,Polynesian,621-857-2003
234,Sharla,Caesmans,scaesmans6h@goo.gl,Female,Chilean,682-810-5522
235,Caroljean,Gratrix,cgratrix6i@acquirethisname.com,Female,Sioux,369-840-3277
236,Zorine,Grindrod,zgrindrod6j@mozilla.org,Female,Menominee,726-483-4766
237,Adella,Hayto,ahayto6k@surveymonkey.com,Female,Black or African American,186-444-0086
238,Juli,Cridlin,jcridlin6l@cafepress.com,Agender,Vietnamese,973-821-1221
239,Leola,Red,lred6m@joomla.org,Female,Kiowa,946-229-0011
240,Teresa,Bulfit,tbulfit6n@wix.com,Female,Delaware,817-860-1913
241,Ban,Hamsley,bhamsley6o@google.com,Male,Malaysian,511-840-9910
242,Quincy,Candy,qcandy6p@weibo.com,Male,Micronesian,728-788-1119
243,Livy,Pinar,lpinar6q@uol.com.br,Agender,Latin American Indian,635-255-3341
244,Dot,Nayshe,dnayshe6r@nytimes.com,Female,Mexican,923-260-1626
245,Mace,Vobes,mvobes6s@ca.gov,Non-binary,Eskimo,986-961-9989
246,Ardelia,Doreward,adoreward6t@yahoo.com,Female,South American,253-302-4794
247,Pietrek,D'Ambrosi,pdambrosi6u@amazon.de,Male,Tlingit-Haida,644-741-8860
248,Emmye,Taberner,etaberner6v@newyorker.com,Female,Aleut,205-365-8447
249,Fax,Fishby,ffishby6w@wunderground.com,Agender,Pueblo,185-473-2353
250,Bord,Edgworth,bedgworth6x@columbia.edu,Male,Indonesian,886-271-0078
251,Zeb,Salamon,zsalamon6y@nih.gov,Male,Mexican,534-513-8332
252,Ansel,Ottosen,aottosen6z@yale.edu,Male,Osage,614-285-7537
253,Rand,Overton,roverton70@bloglovin.com,Male,Bangladeshi,609-316-0662
254,Rosanne,Slane,rslane71@devhub.com,Female,Samoan,720-467-6954
255,Germayne,MacGillespie,gmacgillespie72@abc.net.au,Male,Chinese,521-619-9057
256,Anitra,Poundford,apoundford73@ucoz.com,Female,Choctaw,166-273-5686
257,Purcell,Farryn,pfarryn74@tamu.edu,Male,Ottawa,435-282-0224
258,Melloney,Yelding,myelding75@technorati.com,Female,American Indian and Alaska Native (AIAN),455-470-9217
259,Larina,Thomerson,lthomerson76@tripadvisor.com,Female,Colombian,852-830-6613
260,Robinet,Kobpal,rkobpal77@theguardian.com,Male,Houma,548-371-0469
261,Wilbert,Farress,wfarress78@over-blog.com,Male,Peruvian,211-749-5231
262,Joseito,Graser,jgraser79@java.com,Male,Puget Sound Salish,248-211-8834
263,Sarge,Prazer,sprazer7a@vimeo.com,Male,Iroquois,375-303-2731
264,Kristian,Bisset,kbisset7b@washingtonpost.com,Male,Cheyenne,538-176-2219
265,Josias,Baleine,jbaleine7c@paypal.com,Male,Shoshone,617-787-8745
266,Margette,Howsan,mhowsan7d@bloomberg.com,Female,Hmong,523-436-8429
267,Suzanna,Overy,sovery7e@cocolog-nifty.com,Female,Cambodian,185-223-5974
268,Garrek,Jesty,gjesty7f@weibo.com,Male,Yakama,601-545-7833
269,Sibby,Chastaing,schastaing7g@feedburner.com,Female,Eskimo,559-676-9875
270,George,Shimman,gshimman7h@123-reg.co.uk,Male,Malaysian,152-984-1536
271,Carlee,Mabb,cmabb7i@chron.com,Female,American Indian,751-680-0815
272,Susie,McGirr,smcgirr7j@trellian.com,Female,Venezuelan,759-212-9896
273,Helen,Pordal,hpordal7k@nytimes.com,Female,American Indian,212-279-5278
274,Gill,Ronald,gronald7l@etsy.com,Female,Potawatomi,867-698-6109
275,Tiphany,Liell,tliell7m@multiply.com,Female,Alaskan Athabascan,367-540-2398
276,Oran,Colliss,ocolliss7n@storify.com,Male,Pakistani,992-808-4242
277,Arnaldo,McCloid,amccloid7o@redcross.org,Male,Chickasaw,213-632-0425
278,Mahmud,Sallowaye,msallowaye7p@instagram.com,Male,Native Hawaiian,281-260-3251
279,Kelli,Meyrick,kmeyrick7q@gmpg.org,Female,Venezuelan,211-252-8746
280,Janeta,Scotchmore,jscotchmore7r@ovh.net,Female,Menominee,568-284-0128
281,Rice,Mattin,rmattin7s@house.gov,Male,Panamanian,387-448-8501
282,Suzi,Seres,sseres7t@ow.ly,Female,Chilean,118-754-6310
283,Gusty,Trawin,gtrawin7u@reverbnation.com,Female,Laotian,970-611-0849
284,Karoly,Howbrook,khowbrook7v@bing.com,Female,Taiwanese,956-941-1490
285,Maryann,Trigwell,mtrigwell7w@wp.com,Female,Guamanian,678-212-2302
286,Isis,Kirkam,ikirkam7x@addtoany.com,Agender,Malaysian,742-423-6031
287,Lovell,Dikes,ldikes7y@list-manage.com,Male,Puerto Rican,275-347-2093
288,Joy,Ionnisian,jionnisian7z@hugedomains.com,Female,American Indian,204-609-3231
289,Emmery,Burdge,eburdge80@thetimes.co.uk,Male,Mexican,126-693-5272
290,Agnes,Cawthery,acawthery81@google.com.br,Bigender,Pakistani,199-830-5624
291,Pia,Strode,pstrode82@merriam-webster.com,Female,Seminole,928-491-6783
292,Cori,Lefever,clefever83@cmu.edu,Male,Comanche,197-591-9210
293,Daryl,Thunders,dthunders84@paginegialle.it,Female,Aleut,850-577-0407
294,Giffie,Gratland,ggratland85@nasa.gov,Male,Pakistani,521-641-9381
295,Tynan,Sole,tsole86@youtu.be,Agender,Guamanian,712-676-1727
296,Anatol,Skone,askone87@scribd.com,Male,Native Hawaiian,884-744-9198
297,Timotheus,Lidgate,tlidgate88@chicagotribune.com,Non-binary,Yuman,628-516-8799
298,Culley,Yerill,cyerill89@clickbank.net,Male,Aleut,989-170-0052
299,Laina,Clines,lclines8a@wix.com,Female,Chickasaw,642-246-4904
300,Doralynn,Lowrie,dlowrie8b@ed.gov,Female,Shoshone,893-149-8084
301,Bax,Lemmer,blemmer8c@tinyurl.com,Male,Salvadoran,585-428-8560
302,Myrah,Jahan,mjahan8d@toplist.cz,Female,Fijian,801-828-4866
303,Twila,Dolley,tdolley8e@arstechnica.com,Female,Native Hawaiian and Other Pacific Islander (NHPI),135-279-1478
304,Logan,Messent,lmessent8f@yahoo.co.jp,Male,Thai,419-379-9028
305,Mack,Tarver,mtarver8g@springer.com,Male,Cree,964-236-9949
306,Ailina,Fouldes,afouldes8h@ucsd.edu,Female,Pueblo,778-605-1840
307,Kennie,Simion,ksimion8i@wikia.com,Male,Cambodian,218-466-5730
308,Consuela,Lantoph,clantoph8j@behance.net,Genderfluid,Colville,904-850-5702
309,Viviana,Grenter,vgrenter8k@uiuc.edu,Female,Puget Sound Salish,902-544-1804
310,Jeffie,Kerwood,jkerwood8l@webmd.com,Male,Yaqui,268-125-1681
311,Aluin,Panchin,apanchin8m@nhs.uk,Male,Cambodian,158-969-5343
312,Brockie,Le Noir,blenoir8n@yale.edu,Male,Argentinian,348-461-1228
313,Gus,Avrahamian,gavrahamian8o@wikia.com,Male,Melanesian,386-336-7901
314,Erastus,Magovern,emagovern8p@biblegateway.com,Male,Asian,275-408-7205
315,Ceciley,Arkle,carkle8q@slideshare.net,Genderfluid,Japanese,644-992-6044
316,Derby,Priddey,dpriddey8r@discuz.net,Male,Osage,561-588-1379
317,Sunshine,Garford,sgarford8s@vinaora.com,Female,Comanche,278-993-9742
318,Bernelle,Kidstone,bkidstone8t@accuweather.com,Female,Peruvian,754-746-6812
319,Stormi,Bailes,sbailes8u@disqus.com,Genderfluid,Micronesian,540-620-7348
320,Shawnee,Eastham,seastham8v@cnn.com,Female,Sri Lankan,596-976-9424
321,Hamid,Hinrich,hhinrich8w@gravatar.com,Male,Guatemalan,128-680-5865
322,Fred,McIlveen,fmcilveen8x@timesonline.co.uk,Male,Lumbee,526-569-6333
323,Claudette,Lippatt,clippatt8y@shutterfly.com,Polygender,Guatemalan,397-383-5543
324,Perice,Moncaster,pmoncaster8z@taobao.com,Male,Delaware,595-750-8445
325,Glori,Dockwray,gdockwray90@comcast.net,Female,Aleut,860-767-8837
326,Nicolai,Baume,nbaume91@irs.gov,Male,Guatemalan,634-636-6482
327,Brock,Aspinwall,baspinwall92@omniture.com,Male,Chippewa,280-442-4787
328,Nate,Montrose,nmontrose93@cnet.com,Male,Comanche,881-843-2642
329,Ezmeralda,Saunder,esaunder94@t.co,Female,Indonesian,606-230-9232
330,Kristofor,Ciardo,kciardo95@mac.com,Male,White,682-727-1719
331,Lisette,Seel,lseel96@xrea.com,Agender,Native Hawaiian and Other Pacific Islander (NHPI),915-786-3871
332,Haydon,Powelee,hpowelee97@java.com,Male,Comanche,127-776-9861
333,Jillayne,Corballis,jcorballis98@google.it,Female,Blackfeet,933-770-0170
334,Bale,Gaitskell,bgaitskell99@imageshack.us,Male,Creek,314-674-0266
335,Wiatt,Cutriss,wcutriss9a@ask.com,Male,Potawatomi,679-865-3413
336,Celeste,Crockley,ccrockley9b@lulu.com,Female,Latin American Indian,490-444-6360
337,Cal,Jouning,cjouning9c@xinhuanet.com,Male,Bangladeshi,324-348-1005
338,Joe,Carlett,jcarlett9d@nhs.uk,Male,Cheyenne,883-459-5405
339,Trent,Local,tlocal9e@twitter.com,Male,Guatemalan,240-167-6031
340,Ronald,Fear,rfear9f@slideshare.net,Male,Osage,452-464-1903
341,Ki,Dunlop,kdunlop9g@mayoclinic.com,Bigender,Tongan,164-786-4477
342,Tore,Reavell,treavell9h@php.net,Genderfluid,Chilean,291-239-6392
343,Blane,Benford,bbenford9i@gov.uk,Male,Cheyenne,297-858-9592
344,Aloysia,Stride,astride9j@buzzfeed.com,Female,Asian Indian,993-250-3094
345,Carlynn,Gellion,cgellion9k@mozilla.com,Female,Colville,543-301-8084
346,Andromache,Luna,aluna9l@issuu.com,Female,Colombian,395-139-1270
347,Eba,Ormerod,eormerod9m@slideshare.net,Female,Chamorro,397-303-4492
348,Opalina,Bastow,obastow9n@economist.com,Female,American Indian and Alaska Native (AIAN),877-693-9764
349,Tresa,Witherbed,twitherbed9o@sfgate.com,Polygender,Mexican,633-226-8529
350,Kaitlyn,Penquet,kpenquet9p@google.nl,Female,Chamorro,129-107-0503
351,Hedvige,Emptage,hemptage9q@w3.org,Female,Paiute,749-889-2477
352,Ansel,Rawne,arawne9r@ow.ly,Male,American Indian,238-501-6600
353,Milicent,Jurisic,mjurisic9s@fotki.com,Female,Laotian,455-719-1737
354,Devin,Clementi,dclementi9t@mtv.com,Male,American Indian,473-508-3852
355,Eolande,Behninck,ebehninck9u@people.com.cn,Female,Blackfeet,623-887-5893
356,Davidson,Marsy,dmarsy9v@yelp.com,Male,Samoan,526-119-8010
357,Stearne,Keech,skeech9w@edublogs.org,Male,Filipino,376-752-2979
358,Salomone,Brickell,sbrickell9x@soundcloud.com,Male,Lumbee,142-651-5173
359,Sebastian,Swancock,sswancock9y@yandex.ru,Male,Houma,672-297-0307
360,Erhart,Faro,efaro9z@miibeian.gov.cn,Male,Asian,956-874-8622
361,Dionne,Jefferd,djefferda0@barnesandnoble.com,Female,Bangladeshi,951-951-9810
362,Luce,Bromfield,lbromfielda1@army.mil,Male,Paiute,382-259-1579
363,Roderich,Berardt,rberardta2@joomla.org,Male,Osage,759-360-7165
364,Chrissie,Moxsom,cmoxsoma3@domainmarket.com,Male,Latin American Indian,980-382-1509
365,Bernhard,Zoane,bzoanea4@webs.com,Male,Tongan,498-875-1692
366,Adina,Flowers,aflowersa5@chicagotribune.com,Female,White,543-734-3327
367,Monti,Runnacles,mrunnaclesa6@facebook.com,Male,American Indian,264-456-1873
368,Leeann,Chidzoy,lchidzoya7@amazon.com,Female,Osage,988-881-4859
369,Arlan,Enticknap,aenticknapa8@cmu.edu,Male,Salvadoran,281-934-6793
370,Gary,Carmel,gcarmela9@mit.edu,Male,Kiowa,404-794-6392
371,Linc,Doers,ldoersaa@yolasite.com,Male,Crow,929-392-4252
372,Sabrina,Pyrke,spyrkeab@rambler.ru,Female,Apache,574-516-3153
373,Nerissa,Norrey,nnorreyac@cdbaby.com,Female,Honduran,906-952-9259
374,Ebony,Andrei,eandreiad@nationalgeographic.com,Female,Iroquois,498-966-4467
375,Guillema,Jeenes,gjeenesae@google.ru,Female,Creek,175-645-9800
376,Umeko,Kitcher,ukitcheraf@un.org,Female,Comanche,691-303-6722
377,Shirlene,Gerardeaux,sgerardeauxag@google.ru,Female,Sri Lankan,468-494-6425
378,Elianore,Bretherick,ebretherickah@adobe.com,Female,Uruguayan,996-862-1008
379,Traver,Pawnsford,tpawnsfordai@unc.edu,Male,Central American,405-526-8203
380,Hermia,Purbrick,hpurbrickaj@twitter.com,Female,Cherokee,891-967-4448
381,Ashia,Gradly,agradlyak@godaddy.com,Female,Aleut,775-907-9568
382,Jenny,Codrington,jcodringtonal@wordpress.com,Female,Chilean,136-512-0629
383,Kimbra,Deveraux,kdeverauxam@ox.ac.uk,Female,Vietnamese,267-619-1822
384,Maximilien,Cardwell,mcardwellan@guardian.co.uk,Male,Costa Rican,482-421-0738
385,Feliza,Praundlin,fpraundlinao@hp.com,Female,Taiwanese,948-898-2981
386,Raeann,Estabrook,restabrookap@noaa.gov,Polygender,Ecuadorian,129-117-8266
387,Natalie,Mattea,nmatteaaq@tripod.com,Female,American Indian and Alaska Native (AIAN),814-589-0545
388,Caryn,Crusham,ccrushamar@sakura.ne.jp,Female,Latin American Indian,702-235-6947
389,Derrek,Breakspear,dbreakspearas@bloomberg.com,Male,Ottawa,100-754-4690
390,Kakalina,Morando,kmorandoat@hubpages.com,Female,Panamanian,385-846-9862
391,Silvanus,Profit,sprofitau@squidoo.com,Male,Yakama,398-667-4703
392,Gavin,Bambrick,gbambrickav@squarespace.com,Male,Taiwanese,146-505-1889
393,Olivia,Gingell,ogingellaw@simplemachines.org,Female,Blackfeet,688-399-8757
394,Herminia,Seeney,hseeneyax@cbslocal.com,Female,Colville,689-258-7893
395,Daloris,Tregale,dtregaleay@angelfire.com,Female,Ecuadorian,767-436-9469
396,Almeta,Cassin,acassinaz@umn.edu,Female,Creek,509-563-8707
397,Kerby,Aldhous,kaldhousb0@1688.com,Male,Cheyenne,967-378-3683
398,Norah,McGougan,nmcgouganb1@domainmarket.com,Female,Pima,653-984-1795
399,Corinne,Albrook,calbrookb2@jalbum.net,Female,Cherokee,998-999-9723
400,Orazio,Osan,oosanb3@geocities.com,Male,Sri Lankan,805-433-3496
401,Eugenia,Dahlberg,edahlbergb4@ebay.com,Female,Tohono O'Odham,783-190-4375
402,Timmie,MacGaughey,tmacgaugheyb5@smh.com.au,Male,Creek,679-244-4778
403,Anselm,Libero,aliberob6@shop-pro.jp,Male,Micronesian,611-673-6287
404,Humfried,Baffin,hbaffinb7@gizmodo.com,Male,Yakama,815-419-3719
405,Antonio,Snarie,asnarieb8@smugmug.com,Agender,Polynesian,344-324-4750
406,Erinna,Vinker,evinkerb9@tamu.edu,Female,Hmong,541-438-6443
407,Carmine,Guiett,cguiettba@sogou.com,Female,Venezuelan,547-890-6539
408,Alfonso,Kemell,akemellbb@ucla.edu,Male,Iroquois,155-199-6199
409,Norrie,M'Barron,nmbarronbc@abc.net.au,Female,Uruguayan,780-114-6064
410,Dina,Lamba,dlambabd@ask.com,Female,Shoshone,747-282-3046
411,Aaren,Chasteau,achasteaube@dedecms.com,Female,Micronesian,729-476-2373
412,Dina,Chatelet,dchateletbf@godaddy.com,Female,Spaniard,159-766-6705
413,Anastasie,Kermon,akermonbg@msu.edu,Female,Apache,941-723-1273
414,Corrie,Gonnin,cgonninbh@va.gov,Male,Venezuelan,954-315-8571
415,Tanner,Ruby,trubybi@opera.com,Male,Shoshone,434-273-1961
416,Hector,McGuirk,hmcguirkbj@dedecms.com,Male,Central American,187-502-4093
417,Gian,Licciardo,glicciardobk@reuters.com,Male,Melanesian,368-944-2592
418,Vincent,McIlvaney,vmcilvaneybl@paypal.com,Male,Melanesian,402-626-9435
419,Shawn,Dawltrey,sdawltreybm@twitter.com,Male,Ottawa,738-173-4236
420,Gates,Kubera,gkuberabn@themeforest.net,Female,Polynesian,848-438-1109
421,Patty,Pessolt,ppessoltbo@wisc.edu,Female,Yaqui,224-544-3319
422,Dorolice,Norquoy,dnorquoybp@github.com,Female,Chamorro,302-176-4470
423,Elvera,Wilkes,ewilkesbq@gmpg.org,Female,Filipino,462-517-2139
424,Bondie,Marwood,bmarwoodbr@ebay.com,Male,Puget Sound Salish,117-987-6123
425,Hyacinth,Standring,hstandringbs@liveinternet.ru,Female,Comanche,242-538-4871
426,Elissa,Manwaring,emanwaringbt@omniture.com,Female,Samoan,188-253-8834
427,Kelsey,Banck,kbanckbu@google.de,Male,Hmong,827-414-3013
428,Lauren,Bettlestone,lbettlestonebv@last.fm,Agender,Colombian,685-865-3192
429,Maxine,Bargery,mbargerybw@stanford.edu,Female,Ecuadorian,336-612-0459
430,Bevon,McFayden,bmcfaydenbx@hostgator.com,Male,Chamorro,199-438-9621
431,Mike,Mynott,mmynottby@examiner.com,Male,Chinese,433-537-0582
432,Nissy,Hayne,nhaynebz@ox.ac.uk,Female,Micronesian,160-223-5190
433,Dov,Senn,dsennc0@sakura.ne.jp,Male,Argentinian,887-811-0949
434,Thornton,Worsnop,tworsnopc1@intel.com,Male,Ottawa,851-151-7612
435,Christian,Beri,cberic2@sitemeter.com,Female,Asian Indian,821-485-4817
436,Armando,Benediktovich,abenediktovichc3@dagondesign.com,Male,Puerto Rican,206-679-5749
437,Felipe,Paz,fpazc4@apple.com,Genderfluid,Iroquois,361-386-1073
438,Lexie,Rubert,lrubertc5@phoca.cz,Female,Fijian,536-649-2549
439,Stefa,Hegg,sheggc6@cafepress.com,Female,Honduran,372-812-3316
440,Teodoor,Massy,tmassyc7@dedecms.com,Male,Alaska Native,787-408-1501
441,Tulley,Copozio,tcopozioc8@shareasale.com,Male,Micronesian,853-911-9284
442,Rhoda,McTurk,rmcturkc9@paypal.com,Female,Samoan,550-602-2746
443,Silvain,Fabry,sfabryca@yelp.com,Male,Dominican (Dominican Republic),118-232-8834
444,Job,Wateridge,jwateridgecb@salon.com,Male,Mexican,857-922-6147
445,Gustavo,Albone,galbonecc@de.vu,Male,Potawatomi,951-662-8039
446,Mae,Sheehy,msheehycd@over-blog.com,Female,Tohono O'Odham,593-144-4903
447,Lorie,Rymour,lrymource@youku.com,Female,Puerto Rican,370-207-7486
448,Gerhardt,Juschka,gjuschkacf@bravesites.com,Male,Colombian,316-624-7719
449,Kaleb,Graddell,kgraddellcg@aboutads.info,Male,Shoshone,212-823-9651
450,Tatum,Shadbolt,tshadboltch@google.cn,Female,Uruguayan,223-335-9602
451,Lela,Utting,luttingci@naver.com,Female,Paiute,737-901-0308
452,Karita,D'Acth,kdacthcj@salon.com,Female,Chinese,284-667-9866
453,Burl,Evitt,bevittck@weibo.com,Non-binary,Chilean,599-357-0201
454,Truman,McLeoid,tmcleoidcl@hp.com,Genderqueer,Ute,771-564-0555
455,Boyce,Tanguy,btanguycm@g.co,Male,Hmong,963-616-9920
456,Virginie,Fleote,vfleotecn@yahoo.co.jp,Polygender,Menominee,788-265-0130
457,Johannes,Sidnell,jsidnellco@quantcast.com,Male,Blackfeet,692-539-1108
458,Walsh,Baynes,wbaynescp@goo.ne.jp,Male,Hmong,696-214-5896
459,Floria,Rampage,frampagecq@scribd.com,Female,American Indian,597-198-3588
460,Con,Lorking,clorkingcr@springer.com,Female,Ottawa,518-548-5971
461,Bibi,Vellacott,bvellacottcs@ted.com,Female,Comanche,459-795-6791
462,Brook,Hinchshaw,bhinchshawct@fda.gov,Male,Potawatomi,885-388-2149
463,Aurie,Frick,africkcu@prlog.org,Female,Sri Lankan,943-995-5425
464,Kaitlin,Whartonby,kwhartonbycv@cmu.edu,Female,Asian Indian,936-740-2777
465,Sammie,Mayling,smaylingcw@oaic.gov.au,Male,Sioux,232-328-2063
466,Garwood,Nix,gnixcx@bravesites.com,Male,Chippewa,694-671-5983
467,Nariko,Willerson,nwillersoncy@paginegialle.it,Female,Polynesian,336-588-8358
468,Rip,Innocenti,rinnocenticz@arstechnica.com,Male,Asian,887-763-4727
469,Byrann,Samett,bsamettd0@alexa.com,Male,Chinese,812-159-7271
470,Elroy,Igoe,eigoed1@telegraph.co.uk,Male,Iroquois,926-865-0181
471,Berget,Binner,bbinnerd2@guardian.co.uk,Female,Asian Indian,587-804-5277
472,Trstram,Lundbech,tlundbechd3@mashable.com,Male,Bangladeshi,485-148-9689
473,Moishe,McClenaghan,mmcclenaghand4@illinois.edu,Bigender,Melanesian,367-303-6589
474,Daryl,Riseborough,driseboroughd5@last.fm,Female,Yaqui,969-237-3780
475,Hamish,Tabourier,htabourierd6@blogspot.com,Male,Native Hawaiian,167-589-0161
476,Mel,Woolf,mwoolfd7@noaa.gov,Bigender,Thai,369-652-5600
477,Vance,Di Antonio,vdiantoniod8@europa.eu,Male,Fijian,311-620-8309
478,Waverly,Eby,webyd9@nsw.gov.au,Male,American Indian,860-738-1307
479,Ikey,Morrell,imorrellda@nature.com,Genderqueer,American Indian,856-978-9909
480,Francoise,Tabert,ftabertdb@amazonaws.com,Female,American Indian and Alaska Native (AIAN),160-812-7728
481,Celka,Tremontana,ctremontanadc@chron.com,Female,Yuman,780-960-8742
482,Kelvin,Oade,koadedd@marketwatch.com,Male,Puerto Rican,905-365-9260
483,Hervey,Galsworthy,hgalsworthyde@howstuffworks.com,Male,Indonesian,641-150-6518
484,Kenn,Extance,kextancedf@cbslocal.com,Male,Vietnamese,621-673-8213
485,Ailsun,Synnot,asynnotdg@icio.us,Female,Tohono O'Odham,874-727-4338
486,Tulley,Le Lievre,tlelievredh@bandcamp.com,Polygender,Pima,292-479-0506
487,Sasha,Martinez,smartinezdi@amazon.co.uk,Male,Thai,526-309-2386
488,Wolfy,Ensley,wensleydj@shareasale.com,Male,Argentinian,456-542-2494
489,Chadd,Oldis,coldisdk@army.mil,Male,Apache,421-970-4086
490,Simona,Wainer,swainerdl@bbb.org,Female,Cambodian,297-443-9755
491,Yulma,Cuskery,ycuskerydm@ezinearticles.com,Male,Guamanian,471-783-0292
492,Ashil,Sommerlie,asommerliedn@desdev.cn,Female,Asian,957-363-1203
493,Jaquith,Wysome,jwysomedo@cam.ac.uk,Non-binary,Asian Indian,427-494-5340
494,Martha,Hardeman,mhardemandp@state.tx.us,Female,Colombian,956-278-1853
495,Ronalda,Masham,rmashamdq@php.net,Female,Samoan,505-578-3894
496,Gale,Azemar,gazemardr@forbes.com,Genderqueer,Potawatomi,315-591-9867
497,Devin,Hoggins,dhogginsds@hp.com,Female,Melanesian,718-342-9850
498,Sonny,Owenson,sowensondt@printfriendly.com,Agender,Ute,327-337-3717
499,Celia,Wheaton,cwheatondu@delicious.com,Female,Thai,525-937-9734
500,Aron,Eastham,aeasthamdv@addtoany.com,Male,Tongan,623-559-6506
501,Antony,Rahlof,arahlofdw@answers.com,Male,Panamanian,690-393-6930
502,Ole,Audrey,oaudreydx@live.com,Male,Sri Lankan,919-202-1467
503,Leonard,Wheal,lwhealdy@un.org,Male,Colombian,823-113-1378
504,Andie,Jacqueminot,ajacqueminotdz@reuters.com,Female,Micronesian,860-853-2968
505,Olivia,Hiscoe,ohiscoee0@friendfeed.com,Female,Crow,560-203-0648
506,Alica,Desmond,adesmonde1@shutterfly.com,Female,Houma,637-561-8720
507,Dewey,Kowal,dkowale2@imdb.com,Male,Potawatomi,691-772-5659
508,Fawnia,Chedgey,fchedgeye3@google.es,Female,Yuman,306-279-9172
509,Hieronymus,Baudy,hbaudye4@tripadvisor.com,Male,Japanese,463-675-6298
510,Angeli,Locarno,alocarnoe5@csmonitor.com,Male,Honduran,858-113-3350
511,Eydie,Dockreay,edockreaye6@blogs.com,Female,Alaskan Athabascan,305-213-9127
512,Glenine,Pennone,gpennonee7@unblog.fr,Genderqueer,Alaskan Athabascan,924-579-2755
513,Carey,Sedman,csedmane8@patch.com,Non-binary,Black or African American,560-801-1609
514,Maxwell,Worsam,mworsame9@oaic.gov.au,Male,Pakistani,138-197-8018
515,Janey,Broker,jbrokerea@foxnews.com,Non-binary,Filipino,967-659-8545
516,Gal,Nix,gnixeb@imageshack.us,Male,Apache,231-742-2165
517,Allin,Coggin,acogginec@deviantart.com,Male,Korean,565-637-0324
518,Mabelle,Macourek,mmacoureked@amazon.de,Female,Nicaraguan,560-446-0482
519,Jess,Ossipenko,jossipenkoee@com.com,Female,Malaysian,907-227-1367
520,Sadie,Wickmann,swickmannef@apache.org,Female,Korean,344-984-0687
521,Obediah,Turbard,oturbardeg@miibeian.gov.cn,Non-binary,Yaqui,252-780-3458
522,Florie,Fitzroy,ffitzroyeh@wisc.edu,Female,Lumbee,172-567-0339
523,Dicky,O'Cooney,docooneyei@list-manage.com,Bigender,Nicaraguan,721-565-8981
524,Shena,Bullivent,sbulliventej@reverbnation.com,Female,Panamanian,304-771-5586
525,Rebecka,Jagielski,rjagielskiek@boston.com,Female,Nicaraguan,308-354-1188
526,Emmit,Vahl,evahlel@pcworld.com,Male,Japanese,923-710-2313
527,Lilla,Haughan,lhaughanem@theatlantic.com,Female,Guatemalan,933-365-1870
528,Tabatha,Darley,tdarleyen@goo.ne.jp,Agender,Costa Rican,221-971-0950
529,Lek,O' Dornan,lodornaneo@time.com,Male,Houma,714-788-1852
530,Katine,Beddin,kbeddinep@nifty.com,Female,Ecuadorian,387-626-9173
531,Jolynn,Rogans,jroganseq@theguardian.com,Female,Tongan,742-950-6765
532,Bernarr,Walkden,bwalkdener@yelp.com,Male,Yakama,791-841-9872
533,Lou,Rother,lrotheres@businessinsider.com,Female,Taiwanese,309-133-0962
534,Gertruda,Gann,ggannet@com.com,Female,Pakistani,795-376-3825
535,Waylen,Shanklin,wshanklineu@constantcontact.com,Male,Argentinian,711-182-4258
536,Alberik,De Malchar,ademalcharev@bbc.co.uk,Male,Yakama,183-500-0095
537,Steve,Fitzjohn,sfitzjohnew@amazon.co.jp,Male,Navajo,751-305-2127
538,Hyatt,Imbrey,himbreyex@prnewswire.com,Male,Dominican (Dominican Republic),173-515-8252
539,Margaux,Shillington,mshillingtoney@nifty.com,Female,Sioux,791-487-9414
540,Briney,Galilee,bgalileeez@pen.io,Female,Creek,866-686-5592
541,Maxie,Freathy,mfreathyf0@so-net.ne.jp,Female,Spaniard,551-165-6785
542,Alexa,Sheavills,asheavillsf1@bloomberg.com,Female,Nicaraguan,273-702-2280
543,Wrennie,Wickerson,wwickersonf2@biglobe.ne.jp,Female,Latin American Indian,203-576-1062
544,Cad,Ghilks,cghilksf3@wired.com,Genderfluid,Guatemalan,873-554-7655
545,Bondie,Knatt,bknattf4@istockphoto.com,Male,Potawatomi,359-473-2368
546,Marge,Jedrzej,mjedrzejf5@cyberchimps.com,Female,Puerto Rican,881-497-9571
547,Aarika,Alsford,aalsfordf6@facebook.com,Female,Chippewa,819-624-1616
548,Bettye,Collings,bcollingsf7@ovh.net,Female,Indonesian,933-620-0445
549,Alasdair,Brunn,abrunnf8@tripadvisor.com,Male,Puget Sound Salish,243-893-6252
550,Ferdie,Wagenen,fwagenenf9@edublogs.org,Male,Melanesian,810-771-4846
551,Lonnie,Fosbraey,lfosbraeyfa@cdc.gov,Female,Yaqui,851-213-3896
552,Carmelita,Waeland,cwaelandfb@reddit.com,Female,Chickasaw,482-752-4493
553,Frasco,Casse,fcassefc@tiny.cc,Male,Chinese,249-795-1064
554,Chiquia,Aidler,caidlerfd@hhs.gov,Genderqueer,Korean,561-105-5277
555,Jake,Welldrake,jwelldrakefe@flickr.com,Male,Costa Rican,720-529-9301
556,Edouard,Clayworth,eclayworthff@cocolog-nifty.com,Male,Taiwanese,872-719-4636
557,Mildrid,Swyn,mswynfg@cdbaby.com,Female,Chickasaw,887-507-2880
558,Gray,Cowern,gcowernfh@unicef.org,Polygender,Asian,497-954-1818
559,Dorie,Cosslett,dcosslettfi@un.org,Male,Eskimo,309-839-5550
560,Rockie,Labrom,rlabromfj@bloglovin.com,Male,Tohono O'Odham,631-923-0812
561,Devonne,Franchioni,dfranchionifk@ca.gov,Female,Comanche,201-242-6004
562,Kiel,Lett,klettfl@so-net.ne.jp,Male,Native Hawaiian,219-394-1203
563,Coletta,Arman,carmanfm@spotify.com,Female,Sri Lankan,405-484-3060
564,Danit,Halward,dhalwardfn@phpbb.com,Female,Mexican,697-378-5136
565,Diego,McTerry,dmcterryfo@angelfire.com,Male,Costa Rican,237-287-6725
566,Kaila,Lothlorien,klothlorienfp@goo.ne.jp,Female,Chilean,901-131-8733
567,Ranna,Kleszinski,rkleszinskifq@adobe.com,Female,Asian Indian,329-565-7774
568,Nichole,Chimienti,nchimientifr@stumbleupon.com,Male,Japanese,763-102-4406
569,Pieter,Raffeorty,praffeortyfs@xrea.com,Male,Cherokee,721-326-6296
570,Artair,Spolton,aspoltonft@forbes.com,Male,Eskimo,925-964-9528
571,Akim,Putnam,aputnamfu@netvibes.com,Male,Yuman,937-734-1006
572,Tadd,Nesfield,tnesfieldfv@dailymotion.com,Male,Chamorro,634-185-4849
573,Kittie,Southan,ksouthanfw@tmall.com,Female,Latin American Indian,710-404-1562
574,Shannon,Boyack,sboyackfx@bloglines.com,Non-binary,Aleut,255-282-3764
575,Brook,Acutt,bacuttfy@nps.gov,Male,Comanche,730-726-6298
576,Zorine,Corre,zcorrefz@google.com.au,Female,Thai,179-844-9136
577,Netty,Bernardotte,nbernardotteg0@archive.org,Female,Honduran,379-123-9711
578,Darleen,Thornally,dthornallyg1@prnewswire.com,Female,Ecuadorian,972-310-6419
579,Lou,Belcham,lbelchamg2@admin.ch,Female,Iroquois,886-567-1376
580,Loralee,Fechnie,lfechnieg3@ameblo.jp,Female,Vietnamese,234-643-5978
581,Quintin,Domotor,qdomotorg4@gnu.org,Male,Comanche,719-511-3131
582,Mendel,Rawsthorne,mrawsthorneg5@reddit.com,Male,Bolivian,404-763-0515
583,Amby,Ayliffe,aayliffeg6@posterous.com,Male,Cuban,361-650-8172
584,Salvador,Cann,scanng7@nifty.com,Male,Malaysian,524-928-4881
585,Dacey,Terbeck,dterbeckg8@slideshare.net,Female,Ute,771-494-3164
586,Bernadine,Rosier,brosierg9@g.co,Female,Houma,679-495-9144
587,Emma,Carlett,ecarlettga@imdb.com,Female,Tlingit-Haida,976-656-7007
588,Eugine,Creffeild,ecreffeildgb@dell.com,Female,Peruvian,436-614-4689
589,Torry,Greensitt,tgreensittgc@cbsnews.com,Male,Native Hawaiian and Other Pacific Islander (NHPI),571-506-6485
590,Dennison,Folliott,dfolliottgd@spotify.com,Male,Laotian,596-329-4477
591,Alister,Styan,astyange@topsy.com,Male,Alaska Native,354-536-4613
592,Darrin,Danilewicz,ddanilewiczgf@cbsnews.com,Bigender,Sioux,433-496-1904
593,Correy,Schutte,cschuttegg@hubpages.com,Male,Pima,450-506-4612
594,Halette,Taylour,htaylourgh@com.com,Female,Bangladeshi,124-944-8418
595,June,Dines,jdinesgi@reference.com,Polygender,Asian Indian,329-731-1810
596,Andrey,Thebeaud,athebeaudgj@skyrock.com,Male,Central American,991-401-6668
597,Abigail,Hamal,ahamalgk@gmpg.org,Female,Native Hawaiian,910-549-7979
598,Elias,Fears,efearsgl@cmu.edu,Male,Black or African American,832-224-8658
599,Puff,Murch,pmurchgm@washingtonpost.com,Male,American Indian,139-244-5931
600,Salomo,Adamiec,sadamiecgn@nationalgeographic.com,Male,Indonesian,626-343-1046
601,Ned,Dean,ndeango@geocities.jp,Male,Colville,393-497-5754
602,Elisha,Soughton,esoughtongp@woothemes.com,Female,Cree,234-417-6530
603,Egon,Dibbin,edibbingq@usatoday.com,Male,Apache,641-143-7660
604,Andres,Poluzzi,apoluzzigr@google.co.uk,Male,Blackfeet,601-257-9357
605,Tabbitha,McConnell,tmcconnellgs@themeforest.net,Female,Apache,206-114-9479
606,Rosmunda,Hasslocher,rhasslochergt@kickstarter.com,Bigender,Polynesian,384-954-8574
607,Trefor,Lorenzetti,tlorenzettigu@aol.com,Male,Honduran,882-567-8829
608,Krisha,Chewter,kchewtergv@constantcontact.com,Male,Pakistani,138-121-8242
609,Elga,Lavalde,elavaldegw@wordpress.com,Female,Venezuelan,446-245-4297
610,Kimble,Furber,kfurbergx@craigslist.org,Male,Sioux,808-680-7261
611,Hussein,Cockshot,hcockshotgy@wsj.com,Male,Laotian,706-509-4285
612,Netta,Wapple,nwapplegz@addtoany.com,Female,Laotian,528-849-1007
613,Mallorie,Feild,mfeildh0@usda.gov,Female,Cheyenne,851-838-8551
614,Olav,Waddell,owaddellh1@blogger.com,Male,Asian,969-175-3628
615,Fara,Dulwitch,fdulwitchh2@github.com,Female,Seminole,933-991-2027
616,Clarinda,Clissold,cclissoldh3@fc2.com,Female,Yaqui,688-840-9926
617,Mackenzie,Cullin,mcullinh4@washingtonpost.com,Male,Cambodian,384-671-4810
618,Leonard,Hourahan,lhourahanh5@prweb.com,Male,Asian Indian,322-210-6170
619,Ravi,Ingerith,ringerithh6@cnet.com,Male,Malaysian,881-455-5938
620,Adelbert,Flannery,aflanneryh7@google.com.au,Male,Laotian,861-283-6499
621,Colas,Concannon,cconcannonh8@berkeley.edu,Male,Puget Sound Salish,128-509-0035
622,Ricardo,Britton,rbrittonh9@harvard.edu,Male,Puget Sound Salish,667-932-4439
623,Romonda,Kegg,rkeggha@facebook.com,Female,Yaqui,338-832-7020
624,Hunter,Rooksby,hrooksbyhb@friendfeed.com,Male,Colombian,785-577-8745
625,Catina,Wear,cwearhc@i2i.jp,Female,Guamanian,583-728-3556
626,Evered,Schroter,eschroterhd@cdbaby.com,Male,Shoshone,614-990-7950
627,Alanah,Aireton,aairetonhe@hao123.com,Female,Ecuadorian,619-467-3219
628,Reid,Maggiore,rmaggiorehf@prlog.org,Male,Colville,422-742-0000
629,Brendis,Gowen,bgowenhg@independent.co.uk,Male,Cuban,150-401-3993
630,Cara,Swapp,cswapphh@friendfeed.com,Female,Eskimo,290-190-8932
631,Lexy,Ranfield,lranfieldhi@reverbnation.com,Female,Honduran,268-544-1546
632,Rosalynd,Busst,rbussthj@myspace.com,Female,Central American,542-610-0278
633,Ellis,Messom,emessomhk@google.com.br,Male,Tlingit-Haida,423-966-4053
634,Chaim,Whitcomb,cwhitcombhl@blogger.com,Male,Cuban,794-260-2185
635,Norene,Carek,ncarekhm@so-net.ne.jp,Female,Samoan,789-921-2972
636,Debee,Plowman,dplowmanhn@google.com.hk,Female,Ottawa,533-151-1593
637,Maurizia,Venner,mvennerho@stanford.edu,Female,Korean,360-743-2805
638,Diego,MacNeely,dmacneelyhp@cnet.com,Male,Alaska Native,193-493-5227
639,Mignonne,Klasing,mklasinghq@twitter.com,Female,Pima,834-566-9901
640,Bevan,Pendre,bpendrehr@aol.com,Male,Panamanian,824-580-9639
641,Lorne,Brackstone,lbrackstonehs@cpanel.net,Female,Yuman,377-409-7405
642,Jacenta,Chessun,jchessunht@gov.uk,Female,Creek,245-743-0685
643,Abbey,Gerrelts,agerreltshu@marriott.com,Male,Comanche,627-860-3862
644,Vally,Ralphs,vralphshv@addtoany.com,Female,Blackfeet,704-388-9829
645,Candida,Stener,cstenerhw@epa.gov,Female,Eskimo,566-165-9700
646,Harwilll,Peris,hperishx@wsj.com,Male,Tongan,881-142-7366
647,Broderick,Gillimgham,bgillimghamhy@google.ca,Male,Salvadoran,212-963-1174
648,Chancey,Creaser,ccreaserhz@blogtalkradio.com,Male,Chilean,411-303-2325
649,Heidi,Taynton,htayntoni0@mysql.com,Female,Pueblo,825-570-2304
650,Denys,Pointing,dpointingi1@state.tx.us,Female,Cree,508-125-7740
651,Ange,Devons,adevonsi2@printfriendly.com,Male,Micronesian,752-600-2129
652,Glennis,Swire,gswirei3@constantcontact.com,Agender,Guatemalan,838-453-7271
653,Gabi,Braidman,gbraidmani4@unicef.org,Male,Fijian,397-261-5256
654,Morgun,Curreen,mcurreeni5@businesswire.com,Male,Paraguayan,400-373-9415
655,Ichabod,Buxam,ibuxami6@pbs.org,Male,Asian Indian,845-586-7894
656,Hewie,Provest,hprovesti7@walmart.com,Male,Honduran,429-709-8645
657,Caz,Skill,cskilli8@engadget.com,Non-binary,Navajo,115-999-4274
658,Madalyn,Bowle,mbowlei9@nps.gov,Female,Crow,100-364-3688
659,Franciska,Haug,fhaugia@dmoz.org,Female,Blackfeet,632-937-3777
660,Sabrina,Stapele,sstapeleib@arizona.edu,Female,Uruguayan,244-489-3592
661,Melitta,Albury,malburyic@china.com.cn,Female,Uruguayan,662-695-1490
662,Dulcea,Lacaze,dlacazeid@nifty.com,Female,Ottawa,809-975-9049
663,Lauritz,Elcoat,lelcoatie@so-net.ne.jp,Male,Thai,483-275-4008
664,Skipton,Tucknott,stucknottif@cdc.gov,Male,Kiowa,871-192-7420
665,Zia,Flegg,zfleggig@google.cn,Female,Menominee,766-841-4130
666,Bette,Monan,bmonanih@ask.com,Female,Native Hawaiian,224-568-8046
667,Marilyn,Trethewey,mtretheweyii@ted.com,Female,Asian,361-282-8750
668,Rosalind,Walford,rwalfordij@wikipedia.org,Female,Ecuadorian,272-999-9071
669,Paulie,Yarranton,pyarrantonik@weebly.com,Female,Ecuadorian,757-611-5443
670,Luella,McKane,lmckaneil@fda.gov,Female,Vietnamese,411-771-9392
671,Padraic,Gravestone,pgravestoneim@nbcnews.com,Male,Chilean,719-414-9106
672,Janella,Stancer,jstancerin@slashdot.org,Female,Asian Indian,879-235-2030
673,Ddene,McCowan,dmccowanio@ameblo.jp,Female,Latin American Indian,539-345-7445
674,Jeffry,Snipe,jsnipeip@japanpost.jp,Male,Delaware,411-895-9617
675,Ardelle,Jillions,ajillionsiq@ibm.com,Female,Alaska Native,891-285-0523
676,Alix,Yankeev,ayankeevir@mit.edu,Polygender,Samoan,535-254-9222
677,Kevin,McGinny,kmcginnyis@slashdot.org,Genderfluid,Navajo,665-709-4876
678,Derron,Millan,dmillanit@dell.com,Male,Cheyenne,726-291-9927
679,Aldin,Doohan,adoohaniu@godaddy.com,Male,Dominican (Dominican Republic),202-398-3507
680,Caren,Bosden,cbosdeniv@cbslocal.com,Female,Costa Rican,507-615-7079
681,Merv,Hardinge,mhardingeiw@moonfruit.com,Male,Pima,161-152-3875
682,Loretta,Rendell,lrendellix@plala.or.jp,Female,Puget Sound Salish,436-937-3086
683,Rutter,Suddaby,rsuddabyiy@qq.com,Male,Chippewa,583-799-3113
684,Hayes,Trawin,htrawiniz@digg.com,Male,Korean,530-207-9017
685,Norby,Nielson,nnielsonj0@addthis.com,Male,Korean,604-730-4302
686,Caz,Cestard,ccestardj1@craigslist.org,Male,Guamanian,798-976-4052
687,Jaquelin,Beastall,jbeastallj2@netlog.com,Female,Spaniard,935-534-9528
688,Orin,Moine,omoinej3@disqus.com,Male,Chippewa,246-691-0160
689,Ange,Graybeal,agraybealj4@xing.com,Female,Laotian,651-134-7173
690,Friedrich,Trahmel,ftrahmelj5@google.com.au,Male,Pueblo,439-479-6935
691,Maje,Ridley,mridleyj6@stanford.edu,Male,Yaqui,374-126-9323
692,Gwyn,Gormally,ggormallyj7@mac.com,Female,Native Hawaiian and Other Pacific Islander (NHPI),637-856-4777
693,Cesar,Kaubisch,ckaubischj8@pagesperso-orange.fr,Male,Costa Rican,699-287-4732
694,Gerry,Gellett,ggellettj9@comcast.net,Female,Colombian,661-151-3269
695,Jeffrey,McHardy,jmchardyja@reddit.com,Male,Argentinian,984-246-8964
696,Blondell,Halshaw,bhalshawjb@aboutads.info,Female,Micronesian,439-394-0492
697,Adriaens,MacGray,amacgrayjc@yolasite.com,Female,Delaware,989-783-2103
698,Haze,Darrington,hdarringtonjd@mapy.cz,Male,Eskimo,649-636-3307
699,Tobias,Seegar,tseegarje@cpanel.net,Male,Malaysian,605-675-7609
700,Stephannie,Donisthorpe,sdonisthorpejf@jimdo.com,Female,Honduran,561-343-7496
701,Levon,Dew,ldewjg@studiopress.com,Male,Vietnamese,905-192-1540
702,Brit,Honnan,bhonnanjh@upenn.edu,Male,Fijian,997-174-6405
703,Collin,Sawell,csawellji@disqus.com,Male,Pakistani,828-547-7902
704,Beatrix,Tisor,btisorjj@xinhuanet.com,Female,Cherokee,390-133-5574
705,Zorina,Rahill,zrahilljk@icq.com,Female,Nicaraguan,969-553-3307
706,Elton,O'Dulchonta,eodulchontajl@bigcartel.com,Male,Asian Indian,432-380-1645
707,Jacqui,Sandeson,jsandesonjm@elegantthemes.com,Female,Delaware,592-759-5638
708,Carlota,Jerke,cjerkejn@usda.gov,Bigender,Spaniard,584-720-5644
709,Barry,Limb,blimbjo@mozilla.com,Polygender,Seminole,585-902-3648
710,Sharia,Nortunen,snortunenjp@desdev.cn,Female,Thai,441-160-9247
711,Ingemar,Tritten,itrittenjq@sogou.com,Male,American Indian,508-441-9012
712,Stephenie,Hindenberger,shindenbergerjr@imdb.com,Female,Latin American Indian,263-719-2890
713,Lind,Edlyn,ledlynjs@yolasite.com,Female,Bangladeshi,616-903-7608
714,Emmalyn,Allworthy,eallworthyjt@shop-pro.jp,Female,Hmong,138-375-4016
715,Zelig,Mcall,zmcallju@e-recht24.de,Male,Cheyenne,857-562-9935
716,Bebe,Cabrales,bcabralesjv@adobe.com,Female,Latin American Indian,412-723-9953
717,Pooh,Ineson,pinesonjw@washington.edu,Male,Peruvian,315-320-6281
718,Jocelyn,Lehmann,jlehmannjx@cbsnews.com,Female,Asian,568-323-1030
719,Malvina,Postill,mpostilljy@flavors.me,Genderqueer,Ecuadorian,989-461-1846
720,Sayer,Blakeborough,sblakeboroughjz@scribd.com,Male,Blackfeet,387-977-2493
721,Krystle,Colnet,kcolnetk0@bing.com,Female,Puerto Rican,455-779-1738
722,Margeaux,Darrington,mdarringtonk1@washingtonpost.com,Non-binary,Aleut,277-339-8188
723,Adriano,Bousler,abouslerk2@amazon.com,Male,Potawatomi,457-198-5129
724,Evvie,Tredwell,etredwellk3@joomla.org,Female,Sri Lankan,173-996-1589
725,Winn,Penn,wpennk4@guardian.co.uk,Male,Bangladeshi,987-357-4559
726,Mufinella,Garza,mgarzak5@mapy.cz,Female,Cree,304-818-3476
727,Vincent,Balderstone,vbalderstonek6@netscape.com,Agender,White,555-577-8074
728,Teddie,Bagnell,tbagnellk7@skyrock.com,Male,Sioux,245-659-4557
729,Milka,Keeler,mkeelerk8@so-net.ne.jp,Female,Tongan,852-629-9912
730,Melamie,Tilson,mtilsonk9@vkontakte.ru,Female,Choctaw,397-737-1233
731,Jedd,Tavinor,jtavinorka@over-blog.com,Male,Polynesian,337-669-0800
732,Camey,Kidd,ckiddkb@prnewswire.com,Male,Pueblo,931-746-9493
733,Nikos,Barber,nbarberkc@disqus.com,Male,Samoan,540-431-1921
734,Stacia,Dyka,sdykakd@ucoz.com,Female,Sri Lankan,372-738-7157
735,Morgen,Alban,malbanke@redcross.org,Female,Guamanian,445-506-8678
736,Jolie,Burmaster,jburmasterkf@bbc.co.uk,Female,South American,422-480-1396
737,Lira,Pitcaithley,lpitcaithleykg@ihg.com,Female,Dominican (Dominican Republic),732-387-2389
738,Harris,Auden,haudenkh@google.co.jp,Male,Indonesian,365-448-7421
739,Rivkah,Pickersgill,rpickersgillki@qq.com,Female,Taiwanese,808-354-4384
740,Fanchon,Wheble,fwheblekj@wikia.com,Female,Chamorro,457-860-9239
741,Joice,McCarrison,jmccarrisonkk@ftc.gov,Female,Tohono O'Odham,669-579-5320
742,Wilfred,Bunhill,wbunhillkl@skype.com,Male,Houma,242-283-9008
743,Elnora,Geeritz,egeeritzkm@opensource.org,Female,Alaskan Athabascan,779-102-9276
744,Wynnie,Coiley,wcoileykn@elegantthemes.com,Female,Ute,727-589-0279
745,Patrick,Albrighton,palbrightonko@joomla.org,Male,Yuman,482-691-1575
746,Willie,MacAdam,wmacadamkp@nps.gov,Male,Seminole,359-162-3483
747,Harald,Job,hjobkq@goodreads.com,Male,Chamorro,484-856-6585
748,Aleda,Joddens,ajoddenskr@dedecms.com,Female,Asian,998-834-8008
749,Shermy,Halcro,shalcroks@bizjournals.com,Male,Thai,172-605-8361
750,Gayler,Rubinowicz,grubinowiczkt@bloomberg.com,Male,Venezuelan,558-688-9130
751,Matt,Telfer,mtelferku@i2i.jp,Male,Salvadoran,529-498-1348
752,Amber,Magwood,amagwoodkv@stumbleupon.com,Female,Tlingit-Haida,328-737-2994
753,Norine,Bradborne,nbradbornekw@multiply.com,Female,Honduran,430-418-1854
754,Roxi,Villa,rvillakx@topsy.com,Female,Creek,724-975-8239
755,Rollin,Seares,rsearesky@yale.edu,Male,Chamorro,915-672-7994
756,Joleen,Godon,jgodonkz@google.de,Female,Eskimo,352-447-8565
757,Lief,Mulholland,lmulhollandl0@sakura.ne.jp,Male,Chilean,693-484-3039
758,Caroljean,Bickford,cbickfordl1@infoseek.co.jp,Female,Kiowa,462-964-1150
759,Stacee,Dorgan,sdorganl2@surveymonkey.com,Polygender,Melanesian,254-623-8641
760,Corly,Shark,csharkl3@printfriendly.com,Female,Chickasaw,161-609-6663
761,Dudley,Fishleigh,dfishleighl4@ameblo.jp,Male,Menominee,686-998-9910
762,Noelani,Raraty,nraratyl5@zdnet.com,Female,Asian,399-451-7419
763,Gayelord,Anthoney,ganthoneyl6@csmonitor.com,Male,Uruguayan,887-975-1056
764,Quintana,Wenden,qwendenl7@apple.com,Female,Ute,153-240-9608
765,Melita,Guyonneau,mguyonneaul8@cnbc.com,Female,Creek,521-153-1538
766,Cary,Dahlgren,cdahlgrenl9@google.com.hk,Male,Korean,783-807-8165
767,Heath,Branney,hbranneyla@weather.com,Male,Yaqui,579-630-4769
768,Earle,O'Crevy,eocrevylb@surveymonkey.com,Male,Asian Indian,977-383-4574
769,Robert,Marte,rmartelc@skyrock.com,Male,Central American,391-943-3734
770,Leontyne,O'Driscole,lodriscoleld@imgur.com,Female,Korean,210-280-4896
771,Corbin,Keeney,ckeeneyle@accuweather.com,Male,Nicaraguan,860-883-9439
772,Luca,Tanti,ltantilf@trellian.com,Male,Yuman,624-781-0202
773,Rowena,Jakubovicz,rjakuboviczlg@virginia.edu,Female,Uruguayan,417-142-0742
774,Tom,Warkup,twarkuplh@naver.com,Male,Potawatomi,721-530-5227
775,Kennie,Silber,ksilberli@ifeng.com,Male,Samoan,210-576-6838
776,Dulci,Finnie,dfinnielj@tinypic.com,Non-binary,Chippewa,767-383-3284
777,Jarrid,Lamming,jlamminglk@google.es,Male,Houma,281-560-4360
778,Aimil,Peacham,apeachamll@symantec.com,Female,Pakistani,849-438-3203
779,Malvina,Panks,mpankslm@feedburner.com,Female,Crow,272-720-8669
780,Alis,Enevold,aenevoldln@aol.com,Female,Potawatomi,979-809-9063
781,Gwyn,MacClure,gmacclurelo@clickbank.net,Polygender,Taiwanese,991-261-2529
782,Merle,Pillifant,mpillifantlp@oakley.com,Female,Polynesian,243-381-1542
783,Korie,Swyer,kswyerlq@lulu.com,Female,Taiwanese,850-604-6947
784,Faber,Chilles,fchilleslr@adobe.com,Male,Hmong,719-592-2949
785,Rey,Bennallck,rbennallckls@arstechnica.com,Genderqueer,Alaskan Athabascan,297-337-1730
786,Cristine,Petyakov,cpetyakovlt@bandcamp.com,Female,Honduran,985-986-5453
787,Rufe,Humbey,rhumbeylu@prweb.com,Male,Cuban,910-575-1809
788,Kynthia,Testro,ktestrolv@ocn.ne.jp,Genderqueer,Asian Indian,767-589-8570
789,Ambrosi,Filipic,afilipiclw@miibeian.gov.cn,Male,Colombian,731-924-3265
790,Winfred,Case,wcaselx@sphinn.com,Agender,Black or African American,466-381-8882
791,Juliana,Riceards,jriceardsly@nyu.edu,Female,Samoan,417-485-6735
792,Inesita,Fencott,ifencottlz@hhs.gov,Female,Chickasaw,324-279-2708
793,Min,Mudie,mmudiem0@infoseek.co.jp,Female,Black or African American,577-654-9481
794,Jamill,Cullin,jcullinm1@php.net,Male,Choctaw,585-285-1887
795,Stinky,Bourchier,sbourchierm2@virginia.edu,Male,Yaqui,573-967-0909
796,Merlina,Christauffour,mchristauffourm3@friendfeed.com,Female,Shoshone,594-702-3286
797,Ahmed,Chelley,achelleym4@csmonitor.com,Male,Colville,147-626-6419
798,Nelli,Boat,nboatm5@imgur.com,Female,Eskimo,265-434-2309
799,Nessi,Strowger,nstrowgerm6@sitemeter.com,Female,Black or African American,330-864-7056
800,Cleveland,Dupoy,cdupoym7@ebay.com,Male,Indonesian,183-806-4002
801,Catlee,Calley,ccalleym8@ox.ac.uk,Female,Creek,223-187-6832
802,Garrik,Bugg,gbuggm9@google.ru,Male,Filipino,704-742-6754
803,Nev,Rylett,nrylettma@wikipedia.org,Male,Laotian,764-399-9151
804,Grantley,Birt,gbirtmb@tiny.cc,Male,Menominee,295-294-2613
805,Raoul,Tomsen,rtomsenmc@networkadvertising.org,Male,Filipino,789-791-0643
806,Toni,Stallion,tstallionmd@reddit.com,Female,Blackfeet,783-166-4984
807,Sybilla,Gristock,sgristockme@independent.co.uk,Female,American Indian,137-648-0514
808,Magdalen,Bellsham,mbellshammf@tinyurl.com,Agender,Peruvian,894-581-4536
809,Kaylyn,Swains,kswainsmg@princeton.edu,Female,Pueblo,189-106-0977
810,Dwain,Victor,dvictormh@nifty.com,Male,Comanche,469-529-0946
811,Murdock,Hadwen,mhadwenmi@mac.com,Male,Tohono O'Odham,721-985-8514
812,Codie,Castanie,ccastaniemj@amazonaws.com,Genderqueer,Puerto Rican,595-588-8973
813,Alexine,Bourne,abournemk@reverbnation.com,Female,Native Hawaiian,788-896-8657
814,Glenda,Tuft,gtuftml@ow.ly,Genderqueer,Guamanian,584-149-9606
815,Raphaela,Ancliff,rancliffmm@lulu.com,Female,Paraguayan,801-486-5569
816,Domeniga,Edland,dedlandmn@godaddy.com,Female,Micronesian,752-732-6735
817,Stephannie,Niblo,sniblomo@usnews.com,Bigender,Pima,511-120-4090
818,Fernande,Cargon,fcargonmp@irs.gov,Genderfluid,Chamorro,819-196-9759
819,Louise,Parades,lparadesmq@yahoo.com,Female,Cuban,340-996-3840
820,Yvon,Bernardot,ybernardotmr@yandex.ru,Male,Potawatomi,653-225-0912
821,Rollins,Melloi,rmelloims@dyndns.org,Genderqueer,Yaqui,140-492-5407
822,Oralia,Orknay,oorknaymt@dion.ne.jp,Female,Costa Rican,886-258-3233
823,Feodora,Krimmer,fkrimmermu@digg.com,Female,Apache,712-679-4700
824,Blair,Mico,bmicomv@oakley.com,Male,Tohono O'Odham,327-786-7426
825,Julia,Petch,jpetchmw@buzzfeed.com,Female,Cherokee,978-667-3452
826,Husein,Titley,htitleymx@flickr.com,Male,Creek,365-735-7956
827,Herschel,Messager,hmessagermy@instagram.com,Male,Salvadoran,213-618-7549
828,Raychel,Meadowcraft,rmeadowcraftmz@ucsd.edu,Female,Pakistani,942-260-0618
829,Sutherland,Hogbourne,shogbournen0@list-manage.com,Male,Central American,671-223-4759
830,Archy,Vakhlov,avakhlovn1@princeton.edu,Male,Honduran,493-561-5341
831,Gaylor,Colclough,gcolcloughn2@aol.com,Male,South American,432-638-5970
832,Haslett,Heritege,hheritegen3@tripadvisor.com,Male,Native Hawaiian and Other Pacific Islander (NHPI),776-221-9168
833,Ernie,Fend,efendn4@webmd.com,Male,Pima,171-290-5018
834,Ronald,Aldritt,raldrittn5@w3.org,Male,Choctaw,268-340-2701
835,Marietta,Cordoba,mcordoban6@comsenz.com,Genderfluid,Chinese,875-571-5206
836,Magda,Penny,mpennyn7@harvard.edu,Polygender,Paiute,674-853-8896
837,Clara,Garrettson,cgarrettsonn8@bluehost.com,Female,Melanesian,933-734-9534
838,Constanta,Kelberer,ckelberern9@cbc.ca,Female,Tohono O'Odham,865-693-7110
839,Barby,Coolican,bcoolicanna@prlog.org,Female,Laotian,821-635-9303
840,Koren,Tott,ktottnb@deviantart.com,Female,Vietnamese,917-768-8237
841,Howie,MacGillespie,hmacgillespienc@mapy.cz,Male,Nicaraguan,415-986-9023
842,Adore,Bromet,abrometnd@tuttocitta.it,Female,Micronesian,835-515-3414
843,Nealon,Springell,nspringellne@google.pl,Male,Tohono O'Odham,667-680-3058
844,Korney,Dorsey,kdorseynf@theguardian.com,Female,Dominican (Dominican Republic),278-257-5133
845,Felipe,McRannell,fmcrannellng@marketwatch.com,Male,Spaniard,529-390-7143
846,Hilton,Letchmore,hletchmorenh@ed.gov,Male,Native Hawaiian and Other Pacific Islander (NHPI),500-439-6718
847,Bartolomeo,Searl,bsearlni@google.de,Male,Aleut,972-254-2890
848,Chariot,Farfolomeev,cfarfolomeevnj@mail.ru,Male,Vietnamese,819-475-9062
849,Lyn,Cowans,lcowansnk@google.fr,Male,Native Hawaiian,847-711-0673
850,Rusty,Daunay,rdaunaynl@skype.com,Male,Guatemalan,736-940-8155
851,Neala,Struys,nstruysnm@army.mil,Female,Pakistani,986-934-0098
852,Shelby,Cremin,screminnn@cmu.edu,Male,Yakama,352-384-9793
853,Syd,Divers,sdiversno@pbs.org,Male,Peruvian,772-585-5527
854,Sylvan,Dakin,sdakinnp@state.tx.us,Male,Hmong,406-348-7059
855,Cherin,Moloney,cmoloneynq@vistaprint.com,Female,Guamanian,971-828-6721
856,Christiane,Cumming,ccummingnr@bloglines.com,Female,Bolivian,156-196-9780
857,Pearce,Jacmar,pjacmarns@slate.com,Male,Yakama,425-256-1300
858,Kipper,Dodding,kdoddingnt@nytimes.com,Male,Osage,591-429-6143
859,Freddie,Huriche,fhurichenu@51.la,Male,Guatemalan,372-386-9952
860,Emanuel,Guswell,eguswellnv@gmpg.org,Male,Apache,696-586-7166
861,Perice,Gorghetto,pgorghettonw@bbb.org,Male,Bolivian,796-451-9876
862,Gaylord,Ausiello,gausiellonx@live.com,Male,Osage,299-960-1097
863,Jennie,Rutt,jruttny@admin.ch,Female,Native Hawaiian,202-527-3519
864,Denver,Henner,dhennernz@redcross.org,Male,Costa Rican,829-330-3626
865,Elsey,Schinetti,eschinettio0@facebook.com,Female,Shoshone,602-560-5049
866,Genevra,Papa,gpapao1@sourceforge.net,Female,South American,954-780-4014
867,Caz,Scedall,cscedallo2@fotki.com,Male,Central American,147-344-2730
868,Baily,Krammer,bkrammero3@mail.ru,Male,Nicaraguan,417-464-0547
869,Fulvia,Dymott,fdymotto4@sbwire.com,Female,Chippewa,897-452-1104
870,Brittan,Lelande,blelandeo5@apple.com,Female,South American,107-388-3481
871,Jephthah,Riden,jrideno6@ocn.ne.jp,Male,Bangladeshi,727-760-2928
872,Keeley,Dysart,kdysarto7@t.co,Female,Thai,474-197-8941
873,Robinia,Greschke,rgreschkeo8@nytimes.com,Non-binary,Indonesian,171-745-0420
874,Haleigh,Slegg,hsleggo9@symantec.com,Male,Ottawa,291-954-4583
875,Leia,Clarae,lclaraeoa@people.com.cn,Female,Filipino,284-147-5185
876,Romain,Alpes,ralpesob@china.com.cn,Male,Delaware,877-751-9933
877,Vilma,Eardley,veardleyoc@opera.com,Female,Asian Indian,232-144-6302
878,Althea,Grindlay,agrindlayod@vistaprint.com,Female,Pakistani,421-124-1629
879,Damita,Kemshell,dkemshelloe@goo.gl,Female,Guamanian,583-699-3142
880,Casey,Haythorne,chaythorneof@tamu.edu,Female,Tohono O'Odham,161-482-7148
881,Lamont,Daubney,ldaubneyog@fema.gov,Male,Chickasaw,363-919-0320
882,Clevey,Arnet,carnetoh@msn.com,Male,Blackfeet,544-800-2942
883,Quintana,Nyssens,qnyssensoi@google.com,Female,Yaqui,650-656-3402
884,Sonnnie,Raynes,sraynesoj@vimeo.com,Female,Guamanian,633-155-9005
885,Beret,Thying,bthyingok@shutterfly.com,Female,Ecuadorian,225-882-5545
886,Meg,Guillotin,mguillotinol@state.tx.us,Female,Tohono O'Odham,485-773-0108
887,Karlens,Millberg,kmillbergom@xrea.com,Male,Alaska Native,324-356-1310
888,Barton,Poston,bpostonon@state.gov,Male,Vietnamese,809-132-4155
889,Ora,Bodill,obodilloo@telegraph.co.uk,Female,Eskimo,885-599-5676
890,Ivory,Cardello,icardelloop@pinterest.com,Female,Alaska Native,267-368-6658
891,Cullan,Crosseland,ccrosselandoq@nps.gov,Male,Potawatomi,483-762-2265
892,Godart,Pote,gpoteor@sohu.com,Non-binary,Cuban,425-959-6592
893,Hyman,Spikeings,hspikeingsos@example.com,Male,Chippewa,781-177-5780
894,Lesley,Dance,ldanceot@apache.org,Female,Cuban,377-105-4858
895,Meryl,Radki,mradkiou@aboutads.info,Male,Houma,539-258-3149
896,Valida,Hamber,vhamberov@whitehouse.gov,Female,Vietnamese,899-382-2191
897,Carlina,Degue,cdegueow@nationalgeographic.com,Female,Houma,218-428-6500
898,Esdras,Healey,ehealeyox@mysql.com,Male,Indonesian,475-653-0044
899,Jerrie,Neller,jnelleroy@zimbio.com,Male,Blackfeet,854-545-5338
900,Chrystal,Beavis,cbeavisoz@examiner.com,Female,Dominican (Dominican Republic),761-345-9891
901,Jocelin,Lanney,jlanneyp0@si.edu,Female,Peruvian,160-573-4052
902,Tish,Tristram,ttristramp1@ox.ac.uk,Female,Argentinian,325-390-0667
903,Prentiss,Chisnell,pchisnellp2@fastcompany.com,Male,Pueblo,435-674-8534
904,Shanan,Beswick,sbeswickp3@digg.com,Male,Dominican (Dominican Republic),166-828-9354
905,Alidia,Union,aunionp4@i2i.jp,Female,American Indian and Alaska Native (AIAN),271-471-6270
906,Judith,Domenge,jdomengep5@mozilla.org,Female,Melanesian,881-702-1918
907,Mattheus,Dyte,mdytep6@joomla.org,Male,Apache,422-278-3133
908,Aloysius,Mapplethorpe,amapplethorpep7@usgs.gov,Male,Delaware,667-635-5532
909,Patin,Corish,pcorishp8@devhub.com,Male,Chickasaw,495-162-3238
910,Korey,Battyll,kbattyllp9@discovery.com,Male,Bangladeshi,814-936-9514
911,Cordelie,Hallford,challfordpa@go.com,Female,Sioux,355-669-0799
912,Rollin,Paroni,rparonipb@cargocollective.com,Male,Ecuadorian,882-485-0571
913,Rozamond,Tripon,rtriponpc@eepurl.com,Female,Alaskan Athabascan,538-156-0946
914,Tresa,Simcox,tsimcoxpd@acquirethisname.com,Female,Ute,797-775-5246
915,Vivyan,Venable,vvenablepe@phpbb.com,Female,Tongan,732-572-5505
916,Carmelle,Culcheth,cculchethpf@ucla.edu,Polygender,Delaware,796-239-5395
917,Denyse,Harpin,dharpinpg@mysql.com,Female,Indonesian,107-450-0347
918,Wash,Brimfield,wbrimfieldph@spotify.com,Male,Osage,167-878-0004
919,Toma,Humpherston,thumpherstonpi@soup.io,Female,Potawatomi,936-778-1837
920,Pepillo,Lias,pliaspj@chron.com,Male,Alaska Native,974-329-4692
921,Muriel,Radbond,mradbondpk@mysql.com,Female,Seminole,186-536-8040
922,Steffi,Gudahy,sgudahypl@mac.com,Female,Cheyenne,515-528-2738
923,Mercedes,Maxsted,mmaxstedpm@technorati.com,Female,Chamorro,289-508-7265
924,Neel,Arnhold,narnholdpn@shinystat.com,Bigender,Polynesian,714-706-8601
925,Sigfried,Marson,smarsonpo@amazon.co.uk,Male,Yaqui,315-449-6602
926,Seumas,Matchitt,smatchittpp@networkadvertising.org,Male,Ecuadorian,824-106-9870
927,Everett,Ridgedell,eridgedellpq@dmoz.org,Male,Samoan,113-821-1396
928,Yanaton,Ionnisian,yionnisianpr@xrea.com,Male,Ute,924-710-5559
929,Gerald,Speachley,gspeachleyps@utexas.edu,Male,Chamorro,610-720-6932
930,Theodora,Sheber,tsheberpt@samsung.com,Female,Tohono O'Odham,266-329-3203
931,Lauryn,Alkin,lalkinpu@slate.com,Female,Crow,230-199-1900
932,Lolly,Sholl,lshollpv@t.co,Female,Bolivian,932-261-5881
933,Valene,Howsego,vhowsegopw@whitehouse.gov,Female,Costa Rican,792-281-1920
934,Lorinda,Murdy,lmurdypx@walmart.com,Female,Cuban,197-842-0179
935,Barth,Barry,bbarrypy@si.edu,Male,Sri Lankan,791-242-2955
936,Meade,Goodlett,mgoodlettpz@hexun.com,Female,Fijian,399-384-6772
937,Haskell,Backler,hbacklerq0@upenn.edu,Male,Micronesian,325-520-2063
938,Cordey,Cuerda,ccuerdaq1@over-blog.com,Female,Ute,455-200-9136
939,Sigismundo,O'Cannovane,socannovaneq2@epa.gov,Male,Cheyenne,378-690-4137
940,Isac,McKoy,imckoyq3@eepurl.com,Male,American Indian,798-438-3809
941,Mordecai,Laville,mlavilleq4@umn.edu,Male,Chickasaw,647-529-9904
942,Frasier,Lettson,flettsonq5@live.com,Male,Pueblo,234-547-5913
943,Mitzi,Paxton,mpaxtonq6@usgs.gov,Female,Chamorro,301-703-2666
944,Arlinda,Jean,ajeanq7@sina.com.cn,Female,Comanche,981-289-1622
945,Ethelind,MacGuiness,emacguinessq8@amazon.co.uk,Female,Peruvian,920-573-6192
946,Cortie,Stormonth,cstormonthq9@tuttocitta.it,Male,Indonesian,301-527-9101
947,Ines,Stirtle,istirtleqa@ycombinator.com,Female,Navajo,615-673-4487
948,Bobbie,Culham,bculhamqb@nature.com,Male,Venezuelan,109-566-7754
949,Antin,Sadler,asadlerqc@lycos.com,Male,Kiowa,588-204-0023
950,Elihu,Hamprecht,ehamprechtqd@google.es,Male,Yakama,776-620-2197
951,Krishna,Beaulieu,kbeaulieuqe@devhub.com,Male,Shoshone,756-326-5801
952,Lawrence,Peak,lpeakqf@artisteer.com,Male,Yakama,316-543-7084
953,Rollin,cornhill,rcornhillqg@is.gd,Male,American Indian,993-505-4458
954,Verile,Vedeneev,vvedeneevqh@dyndns.org,Female,Panamanian,480-526-7727
955,Seymour,Gubbin,sgubbinqi@bloglines.com,Male,Chamorro,643-818-3208
956,Barry,Braund,bbraundqj@xrea.com,Male,Pueblo,824-812-9596
957,Kara-lynn,Goddman,kgoddmanqk@scientificamerican.com,Non-binary,Crow,355-859-4041
958,Jere,Jacobi,jjacobiql@xrea.com,Female,Indonesian,520-320-1549
959,Nevsa,Rubinlicht,nrubinlichtqm@accuweather.com,Female,Japanese,372-197-4575
960,Patrizio,Gourley,pgourleyqn@fastcompany.com,Male,Ecuadorian,785-350-9211
961,Ab,Seleway,aselewayqo@plala.or.jp,Non-binary,Sri Lankan,957-974-6356
962,Alfie,Pfeiffer,apfeifferqp@theglobeandmail.com,Male,American Indian and Alaska Native (AIAN),486-676-0170
963,Chicky,Epinay,cepinayqq@g.co,Male,Micronesian,628-144-1849
964,Eveline,Wedon,ewedonqr@hao123.com,Agender,Bangladeshi,738-595-8215
965,Sarena,Stonnell,sstonnellqs@imageshack.us,Female,Panamanian,890-966-7299
966,Rock,Warnock,rwarnockqt@smh.com.au,Male,Eskimo,190-459-2743
967,Karoly,Atte-Stone,kattestonequ@macromedia.com,Male,Samoan,211-465-6276
968,Silvan,Marciek,smarciekqv@msn.com,Male,Eskimo,177-181-2312
969,Brunhilda,Balcers,bbalcersqw@studiopress.com,Female,Eskimo,264-281-2371
970,Kristoffer,Abate,kabateqx@1688.com,Male,Uruguayan,617-943-2119
971,Milka,Stait,mstaitqy@blogspot.com,Female,Chinese,161-765-3694
972,Tabbie,Loalday,tloaldayqz@redcross.org,Polygender,Eskimo,732-492-4673
973,Myrtie,Cressy,mcressyr0@ning.com,Female,Argentinian,741-554-8271
974,Ailina,Kelley,akelleyr1@hatena.ne.jp,Female,Cheyenne,616-897-3137
975,Marnia,Claige,mclaiger2@ca.gov,Non-binary,Chickasaw,911-583-4293
976,Rudyard,De Paepe,rdepaeper3@jimdo.com,Male,Delaware,263-402-7255
977,Jarred,Bamber,jbamberr4@people.com.cn,Male,Seminole,929-665-4575
978,Jules,Cominello,jcominellor5@boston.com,Male,Ecuadorian,917-713-9116
979,Keen,Snoding,ksnodingr6@squarespace.com,Male,Choctaw,318-652-0089
980,Celinda,FitzGibbon,cfitzgibbonr7@nyu.edu,Female,Crow,434-122-4439
981,Ximenes,Grishin,xgrishinr8@ebay.co.uk,Male,Honduran,272-253-0094
982,Abe,Elphey,aelpheyr9@hatena.ne.jp,Male,Uruguayan,311-909-5143
983,Cassey,Ewing,cewingra@thetimes.co.uk,Female,Cherokee,352-907-2130
984,Glyn,Orae,goraerb@twitter.com,Female,Crow,494-579-0589
985,Enrichetta,Albro,ealbrorc@bravesites.com,Female,Guatemalan,566-752-6062
986,Kariotta,Crowth,kcrowthrd@pen.io,Female,Salvadoran,691-172-6657
987,Holly,Pettengell,hpettengellre@nasa.gov,Male,Costa Rican,519-998-2585
988,Kassi,Lathe,klatherf@ocn.ne.jp,Female,Uruguayan,624-260-7350
989,Elset,Weall,eweallrg@geocities.com,Female,Polynesian,838-734-7048
990,Moise,Ridgewell,mridgewellrh@ucla.edu,Male,Osage,335-849-3986
991,Daphne,McIlhagga,dmcilhaggari@admin.ch,Female,Sioux,453-333-8085
992,Walt,Doolan,wdoolanrj@imdb.com,Male,Argentinian,552-295-5116
993,Collen,Beresfore,cberesforerk@miibeian.gov.cn,Female,Houma,530-548-3287
994,Courtney,Maytom,cmaytomrl@state.tx.us,Male,Central American,753-908-8566
995,Bel,Gettings,bgettingsrm@cyberchimps.com,Female,Costa Rican,400-364-7864
996,Filbert,Creed,fcreedrn@nature.com,Male,Tohono O'Odham,921-507-1794
997,Drew,Fairholme,dfairholmero@webs.com,Male,Kiowa,111-572-4079
998,Katina,Ryce,krycerp@spotify.com,Polygender,Pima,526-449-1506
999,Rosana,Connachan,rconnachanrq@acquirethisname.com,Female,Venezuelan,506-707-9553
1000,Frazer,McCarver,fmccarverrr@feedburner.com,Male,Guamanian,931-346-5179
